pm_id,store,unit_serial,batch,photos_before,photos_after,photo_change,note_added,corrected_pdf
1,Food Maxx #453,11008876,June (invoice #170015),Food_Maxx__453_11008876_20260611_photo_1_1781196003238.jpg|Food_Maxx__453_11008876_20260611_photo_2_1781196003238.jpg,Food_Maxx__453_11008872_20260720_photo_1_1784579526863.jpg|Food_Maxx__453_11008876_20260611_photo_1_1781196003238.jpg|Food_Maxx__453_11008876_20260611_photo_2_1781196003238.jpg,True,True,Food_Maxx__453_11008876_20260611_1781196003238_CORRECTED_20260826.pdf
2,Safeway #3281,304995,June (invoice #170015),Safeway__3281_304995_20260611_photo_1_1781200300120.jpg|Safeway__3281_304995_20260611_photo_2_1781200300120.jpg|Safeway__3281_304995_20260611_photo_3_1781200300120.jpg,Safeway__3281_304995_20260611_photo_1_1781200300120.jpg|Safeway__3281_304995_20260611_photo_2_1781200300120.jpg|Safeway__3281_304995_20260611_photo_3_1781200300120.jpg,False,True,
3,Lucky #700,11037160,June (invoice #170015),,,False,True,
4,Lucky #700,11037167,June (invoice #170015),Lucky__700_11037167_20260612_photo_1_1781280801596.jpg|Lucky__700_11037167_20260612_photo_2_1781280801596.jpg|Lucky__700_11037167_20260612_photo_3_1781280801596.jpg|Lucky__700_11037167_20260612_photo_4_1781280801596.jpg,Safeway__951_304917_20260612_photo_4_1781296060454.jpg|Lucky__700_11037167_20260612_photo_1_1781280801596.jpg|Lucky__700_11037167_20260612_photo_2_1781280801596.jpg|Lucky__700_11037167_20260612_photo_3_1781280801596.jpg|Lucky__700_11037167_20260612_photo_4_1781280801596.jpg,True,True,Lucky__700_11037167_20260612_1781280801596_CORRECTED_20260826.pdf
5,Lucky #700,11037167,June (invoice #170015),,,False,True,
6,Petco #372,240761,June (invoice #170015),Petco__372_240761_20260612_photo_1_1781283258606.jpg|Petco__372_240761_20260612_photo_2_1781283258606.jpg|Petco__372_240761_20260612_photo_3_1781283258606.jpg|Petco__372_240761_20260612_photo_4_1781283258606.jpg,Petco__372_240761_20260612_photo_1_1781283258606.jpg|Petco__372_240761_20260612_photo_2_1781283258606.jpg|Petco__372_240761_20260612_photo_3_1781283258606.jpg|Petco__372_240761_20260612_photo_4_1781283258606.jpg,False,True,
7,Nob Hill #632,10131448,June (invoice #170015),Nob_Hill__632_10131448_20260612_photo_1_1781284638658.jpg|Nob_Hill__632_10131448_20260612_photo_2_1781284638658.jpg|Nob_Hill__632_10131448_20260612_photo_3_1781284638658.jpg|Nob_Hill__632_10131448_20260612_photo_4_1781284638658.jpg,Nob_Hill__632_10131448_20260612_photo_1_1781284638658.jpg|Nob_Hill__632_10131448_20260612_photo_2_1781284638658.jpg|Nob_Hill__632_10131448_20260612_photo_3_1781284638658.jpg|Nob_Hill__632_10131448_20260612_photo_4_1781284638658.jpg,False,True,
8,Target #2829,10609651,June (invoice #170015),,,False,True,
9,Petco #372,4770049,June (invoice #170015),Petco__372_4770049_20260612_photo_1_1781287314199.jpg|Petco__372_4770049_20260612_photo_2_1781287314199.jpg|Petco__372_4770049_20260612_photo_3_1781287314199.jpg,Petco__372_4770049_20260612_photo_1_1781287314199.jpg|Petco__372_4770049_20260612_photo_3_1781287314199.jpg,True,True,
10,Safeway #951,304912,June (invoice #170015),Safeway__951_304912_20260612_photo_1_1781288363210.jpg|Safeway__951_304912_20260612_photo_2_1781288363210.jpg|Safeway__951_304912_20260612_photo_3_1781288363210.jpg,Safeway__951_304912_20260612_photo_1_1781288363210.jpg|Safeway__951_304912_20260612_photo_2_1781288363210.jpg|Safeway__951_304912_20260612_photo_3_1781288363210.jpg,False,True,
11,Petco #372,240766,June (invoice #170015),,,False,True,
12,Petco #372,307516,June (invoice #170015),,,False,True,
13,Safeway Northern California #2708,304978,June (invoice #170015),,,False,True,
14,Safeway Northern California #2708,304412,June (invoice #170015),Safeway_Northern_California__2_304412_20260612_photo_1_1781289265229.jpg|Safeway_Northern_California__2_304412_20260612_photo_2_1781289265229.jpg,Petco__372_4770049_20260612_photo_2_1781287314199.jpg|Safeway_Northern_California__2_304412_20260612_photo_1_1781289265229.jpg|Safeway_Northern_California__2_304412_20260612_photo_2_1781289265229.jpg,True,True,Safeway_Northern_California__2_304412_20260612_1781289265229_CORRECTED_20260826.pdf
15,Safeway #951,304912,June (invoice #170015),Safeway__951_304912_20260612_photo_1_1781296000162.jpg|Safeway__951_304912_20260612_photo_2_1781296000162.jpg|Safeway__951_304912_20260612_photo_3_1781296000162.jpg|Safeway__951_304912_20260612_photo_4_1781296000162.jpg,Safeway__951_304912_20260612_photo_1_1781296000162.jpg|Safeway__951_304912_20260612_photo_2_1781296000162.jpg|Safeway__951_304912_20260612_photo_3_1781296000162.jpg|Safeway__951_304912_20260612_photo_4_1781296000162.jpg,False,True,
16,Safeway #951,304917,June (invoice #170015),Safeway__951_304917_20260612_photo_1_1781296060454.jpg|Safeway__951_304917_20260612_photo_2_1781296060454.jpg|Safeway__951_304917_20260612_photo_3_1781296060454.jpg|Safeway__951_304917_20260612_photo_4_1781296060454.jpg,Safeway__951_304917_20260612_photo_1_1781296060454.jpg|Safeway__951_304917_20260612_photo_2_1781296060454.jpg|Safeway__951_304917_20260612_photo_3_1781296060454.jpg,True,True,
17,Pak N Save #3125,304875,June (invoice #170015),Pak_N_Save__3125_304875_20260612_photo_1_1781297861016.jpg|Pak_N_Save__3125_304875_20260612_photo_2_1781297861016.jpg|Pak_N_Save__3125_304875_20260612_photo_3_1781297861016.jpg|Pak_N_Save__3125_304875_20260612_photo_4_1781297861016.jpg,Pak_N_Save__3125_304875_20260612_photo_1_1781297861016.jpg|Pak_N_Save__3125_304875_20260612_photo_2_1781297861016.jpg|Pak_N_Save__3125_304875_20260612_photo_3_1781297861016.jpg|Pak_N_Save__3125_304875_20260612_photo_4_1781297861016.jpg,False,True,
18,Pet Club #M88,7033500,June (invoice #170015),,,False,True,
19,Lucky #700,11037167,June (invoice #170015),Lucky__700_11037167_20260612_photo_1_1781301578813.jpg|Lucky__700_11037167_20260612_photo_2_1781301578813.jpg|Lucky__700_11037167_20260612_photo_3_1781301578813.jpg,Walmart_US__3023_302476_20260613_photo_3_1781392127540.jpg|Lucky__700_11037167_20260612_photo_1_1781301578813.jpg|Lucky__700_11037167_20260612_photo_2_1781301578813.jpg|Lucky__700_11037167_20260612_photo_3_1781301578813.jpg,True,True,Lucky__700_11037167_20260612_1781301578813_CORRECTED_20260826.pdf
20,Target #2767,9632938,June (invoice #170015),,,False,True,
21,Berkeley Bowl West #001,8966656,June (invoice #170015),Berkeley_Bowl_West__001_8966656_20260612_photo_1_1781303748937.jpg|Berkeley_Bowl_West__001_8966656_20260612_photo_2_1781303748937.jpg|Berkeley_Bowl_West__001_8966656_20260612_photo_3_1781303748937.jpg,Berkeley_Bowl_West__001_8966656_20260612_photo_1_1781303748937.jpg|Berkeley_Bowl_West__001_8966656_20260612_photo_2_1781303748937.jpg|Berkeley_Bowl_West__001_8966656_20260612_photo_3_1781303748937.jpg,False,False,
22,Berkeley Bowl #2,341308140408,June (invoice #170015),Berkeley_Bowl__2_341308140408_20260612_photo_1_1781305136714.jpg|Berkeley_Bowl__2_341308140408_20260612_photo_2_1781305136714.jpg,Berkeley_Bowl__2_341308140408_20260612_photo_1_1781305136714.jpg|Berkeley_Bowl__2_341308140408_20260612_photo_2_1781305136714.jpg,False,True,
23,Whole Foods Market #10006-BRK,9305819,June (invoice #170015),Whole_Foods_Market__10006_BRK_9305819_20260612_photo_1_1781306893839.jpg|Whole_Foods_Market__10006_BRK_9305819_20260612_photo_2_1781306893839.jpg|Whole_Foods_Market__10006_BRK_9305819_20260612_photo_3_1781306893839.jpg,Whole_Foods_Market__10006_BRK_9305819_20260612_photo_1_1781306893839.jpg|Whole_Foods_Market__10006_BRK_9305819_20260612_photo_2_1781306893839.jpg|Whole_Foods_Market__10006_BRK_9305819_20260612_photo_3_1781306893839.jpg,False,False,
24,Andronico's Community Markets #2453,291735,June (invoice #170015),Andronico_s_Community_Markets__291735_20260612_photo_1_1781308189272.jpg|Andronico_s_Community_Markets__291735_20260612_photo_2_1781308189272.jpg|Andronico_s_Community_Markets__291735_20260612_photo_3_1781308189272.jpg,Andronico_s_Community_Markets__291735_20260612_photo_1_1781308189272.jpg|Andronico_s_Community_Markets__291735_20260612_photo_2_1781308189272.jpg|Andronico_s_Community_Markets__291735_20260612_photo_3_1781308189272.jpg,False,False,
25,Safeway #691,304977,June (invoice #170015),Safeway__691_304977_20260613_photo_1_1781309307457.jpg|Safeway__691_304977_20260613_photo_2_1781309307457.jpg|Safeway__691_304977_20260613_photo_3_1781309307457.jpg|Safeway__691_304977_20260613_photo_4_1781309307457.jpg,Safeway__691_304977_20260613_photo_1_1781309307457.jpg|Safeway__691_304977_20260613_photo_2_1781309307457.jpg|Safeway__691_304977_20260613_photo_3_1781309307457.jpg|Safeway__691_304977_20260613_photo_4_1781309307457.jpg,False,False,
26,Safeway #691,304977,June (invoice #170015),Safeway__691_304977_20260613_photo_1_1781309668397.jpg|Safeway__691_304977_20260613_photo_2_1781309668397.jpg|Safeway__691_304977_20260613_photo_3_1781309668397.jpg,Safeway__691_304977_20260613_photo_1_1781309668397.jpg|Safeway__691_304977_20260613_photo_2_1781309668397.jpg|Safeway__691_304977_20260613_photo_3_1781309668397.jpg,False,False,
27,Safeway #676,304467,June (invoice #170015),Safeway__676_304467_20260613_photo_1_1781311144025.jpg|Safeway__676_304467_20260613_photo_2_1781311144025.jpg|Safeway__676_304467_20260613_photo_3_1781311144025.jpg|Safeway__676_304467_20260613_photo_4_1781311144025.jpg,Safeway__676_304467_20260613_photo_1_1781311144025.jpg|Safeway__676_304467_20260613_photo_2_1781311144025.jpg|Safeway__676_304467_20260613_photo_3_1781311144025.jpg|Safeway__676_304467_20260613_photo_4_1781311144025.jpg,False,True,
28,Whole Foods Market #10530-GIL,9390820,June (invoice #170015),Whole_Foods_Market__10530_GIL_9390820_20260613_photo_1_1781312291664.jpg|Whole_Foods_Market__10530_GIL_9390820_20260613_photo_2_1781312291664.jpg|Whole_Foods_Market__10530_GIL_9390820_20260613_photo_3_1781312291664.jpg,Whole_Foods_Market__10530_GIL_9390820_20260613_photo_1_1781312291664.jpg|Whole_Foods_Market__10530_GIL_9390820_20260613_photo_2_1781312291664.jpg|Whole_Foods_Market__10530_GIL_9390820_20260613_photo_3_1781312291664.jpg,False,False,
29,Target #1926,9380260,June (invoice #170015),Target__1926_9380260_20260613_photo_1_1781316095351.jpg|Target__1926_9380260_20260613_photo_2_1781316095351.jpg|Target__1926_9380260_20260613_photo_3_1781316095351.jpg,Target__1926_9380260_20260613_photo_1_1781316095351.jpg|Target__1926_9380260_20260613_photo_2_1781316095351.jpg|Target__1926_9380260_20260613_photo_3_1781316095351.jpg,False,True,
30,Food Maxx #466,11038561,June (invoice #170015),Food_Maxx__466_11038561_20260613_photo_1_1781317549819.jpg|Food_Maxx__466_11038561_20260613_photo_2_1781317549819.jpg|Food_Maxx__466_11038561_20260613_photo_3_1781317549819.jpg,Food_Maxx__466_11038563_20260613_photo_4_1781318130409.jpg|Food_Maxx__466_11038561_20260613_photo_1_1781317549819.jpg|Food_Maxx__466_11038561_20260613_photo_2_1781317549819.jpg|Food_Maxx__466_11038561_20260613_photo_3_1781317549819.jpg,True,True,Food_Maxx__466_11038561_20260613_1781317549819_CORRECTED_20260826.pdf
31,Food Maxx #466,11038563,June (invoice #170015),Food_Maxx__466_11038563_20260613_photo_1_1781318130409.jpg|Food_Maxx__466_11038563_20260613_photo_2_1781318130409.jpg|Food_Maxx__466_11038563_20260613_photo_3_1781318130409.jpg|Food_Maxx__466_11038563_20260613_photo_4_1781318130409.jpg,Food_Maxx__466_11038563_20260613_photo_1_1781318130409.jpg|Food_Maxx__466_11038563_20260613_photo_2_1781318130409.jpg|Food_Maxx__466_11038563_20260613_photo_3_1781318130409.jpg,True,True,
32,Lucky #700,11037167,June (invoice #170015),Lucky__700_11037167_20260613_photo_1_1781318797699.jpg|Lucky__700_11037167_20260613_photo_2_1781318797699.jpg|Lucky__700_11037167_20260613_photo_3_1781318797699.jpg,Petco__267_7814967_20260614_photo_2_1781407852198.jpg|Lucky__700_11037167_20260613_photo_1_1781318797699.jpg|Lucky__700_11037167_20260613_photo_2_1781318797699.jpg|Lucky__700_11037167_20260613_photo_3_1781318797699.jpg,True,True,Lucky__700_11037167_20260613_1781318797699_CORRECTED_20260826.pdf
33,Lucky #742,10874884,June (invoice #170015),Lucky__742_10874884_20260613_photo_1_1781319252674.jpg|Lucky__742_10874884_20260613_photo_2_1781319252674.jpg|Lucky__742_10874884_20260613_photo_3_1781319252674.jpg,Lucky__742_10874884_20260613_photo_1_1781319252674.jpg|Lucky__742_10874884_20260613_photo_2_1781319252674.jpg|Lucky__742_10874884_20260613_photo_3_1781319252674.jpg,False,False,
34,Lucky #742,9847597,June (invoice #170015),Lucky__742_9847597_20260613_photo_1_1781319651175.jpg|Lucky__742_9847597_20260613_photo_2_1781319651175.jpg|Lucky__742_9847597_20260613_photo_3_1781319651175.jpg|Lucky__742_9847597_20260613_photo_4_1781319651175.jpg,Lucky__742_9847597_20260613_photo_1_1781319651175.jpg|Lucky__742_9847597_20260613_photo_2_1781319651175.jpg|Lucky__742_9847597_20260613_photo_3_1781319651175.jpg|Lucky__742_9847597_20260613_photo_4_1781319651175.jpg,False,False,
35,PetSmart US #2223,207675,June (invoice #170015),PetSmart_US__2223_207675_20260613_photo_1_1781320771727.jpg|PetSmart_US__2223_207675_20260613_photo_2_1781320771727.jpg|PetSmart_US__2223_207675_20260613_photo_3_1781320771727.jpg,PetSmart_US__2223_278027_20260613_photo_1_1781321982863.jpg|PetSmart_US__2223_207675_20260613_photo_2_1781320771727.jpg|PetSmart_US__2223_207675_20260613_photo_3_1781320771727.jpg,True,True,PetSmart_US__2223_207675_20260613_1781320771727_CORRECTED_20260826.pdf
36,PetSmart US #2223,269071,June (invoice #170015),PetSmart_US__2223_269071_20260613_photo_1_1781321158944.jpg|PetSmart_US__2223_269071_20260613_photo_2_1781321158944.jpg|PetSmart_US__2223_269071_20260613_photo_3_1781321158944.jpg|PetSmart_US__2223_269071_20260613_photo_4_1781321158944.jpg,PetSmart_US__2223_269071_20260613_photo_1_1781321158944.jpg|PetSmart_US__2223_269071_20260613_photo_2_1781321158944.jpg|PetSmart_US__2223_269071_20260613_photo_3_1781321158944.jpg|PetSmart_US__2223_269071_20260613_photo_4_1781321158944.jpg,False,False,
37,PetSmart US #2223,278027,June (invoice #170015),PetSmart_US__2223_278027_20260613_photo_1_1781321982863.jpg|PetSmart_US__2223_278027_20260613_photo_2_1781321982863.jpg|PetSmart_US__2223_278027_20260613_photo_3_1781321982863.jpg|PetSmart_US__2223_278027_20260613_photo_4_1781321982863.jpg,PetSmart_US__2223_207675_20260613_photo_1_1781320771727.jpg|PetSmart_US__2223_278027_20260613_photo_2_1781321982863.jpg|PetSmart_US__2223_278027_20260613_photo_3_1781321982863.jpg|PetSmart_US__2223_278027_20260613_photo_4_1781321982863.jpg,True,True,PetSmart_US__2223_278027_20260613_1781321982863_CORRECTED_20260826.pdf
38,Safeway #929,305436,June (invoice #170015),Safeway__929_305436_20260613_photo_1_1781373681782.jpg|Safeway__929_305436_20260613_photo_2_1781373681782.jpg|Safeway__929_305436_20260613_photo_3_1781373681782.jpg,Safeway__929_305436_20260613_photo_1_1781373681782.jpg|Safeway__929_305436_20260613_photo_2_1781373681782.jpg|Safeway__929_305436_20260613_photo_3_1781373681782.jpg,False,True,
39,Target #626,9873795,June (invoice #170015),Target__626_9873795_20260613_photo_1_1781374794950.jpg|Target__626_9873795_20260613_photo_2_1781374794950.jpg|Target__626_9873795_20260613_photo_3_1781374794950.jpg,Target__626_9873795_20260613_photo_1_1781374794950.jpg|Target__626_9873795_20260613_photo_2_1781374794950.jpg|Target__626_9873795_20260613_photo_3_1781374794950.jpg,False,False,
40,Costco #1004,10715340,June (invoice #170015),Costco__1004_10715340_20260613_photo_1_1781375883890.jpg|Costco__1004_10715340_20260613_photo_2_1781375883890.jpg|Costco__1004_10715340_20260613_photo_3_1781375883890.jpg,Costco__1004_10715340_20260613_photo_1_1781375883890.jpg|Costco__1004_10715340_20260613_photo_2_1781375883890.jpg|Costco__1004_10715340_20260613_photo_3_1781375883890.jpg,False,True,
41,Safeway #2776,256385,June (invoice #170015),Safeway__2776_256385_20260613_photo_1_1781377144365.jpg|Safeway__2776_256385_20260613_photo_2_1781377144365.jpg|Safeway__2776_256385_20260613_photo_3_1781377144365.jpg|Safeway__2776_256385_20260613_photo_4_1781377144365.jpg,Safeway__2776_256385_20260613_photo_1_1781377144365.jpg|Safeway__2776_256385_20260613_photo_2_1781377144365.jpg|Safeway__2776_256385_20260613_photo_3_1781377144365.jpg|Safeway__2776_256385_20260613_photo_4_1781377144365.jpg,False,False,
42,Safeway #2776,299814,June (invoice #170015),Safeway__2776_299814_20260613_photo_1_1781377500092.jpg|Safeway__2776_299814_20260613_photo_2_1781377500092.jpg|Safeway__2776_299814_20260613_photo_3_1781377500092.jpg|Safeway__2776_299814_20260613_photo_4_1781377500092.jpg,Safeway__2776_299814_20260613_photo_1_1781377500092.jpg|Safeway__2776_299814_20260613_photo_2_1781377500092.jpg|Safeway__2776_299814_20260613_photo_3_1781377500092.jpg|Safeway__2776_299814_20260613_photo_4_1781377500092.jpg,False,False,
43,Target #1426,10911535,June (invoice #170015),Target__1426_10911535_20260613_photo_1_1781379392469.jpg|Target__1426_10911535_20260613_photo_2_1781379392469.jpg|Target__1426_10911535_20260613_photo_3_1781379392469.jpg|Target__1426_10911535_20260613_photo_4_1781379392469.jpg|Target__1426_10911535_20260613_photo_5_1781379392469.jpg,Target__1426_10911535_20260613_photo_1_1781379392469.jpg|Target__1426_10911535_20260613_photo_2_1781379392469.jpg|Target__1426_10911535_20260613_photo_3_1781379392469.jpg|Target__1426_10911535_20260613_photo_4_1781379392469.jpg|Target__1426_10911535_20260613_photo_5_1781379392469.jpg,False,False,
44,Lucky's #233,10558831,June (invoice #170015),Lucky_s__233_10558831_20260613_photo_1_1781380359425.jpg|Lucky_s__233_10558831_20260613_photo_2_1781380359425.jpg|Lucky_s__233_10558831_20260613_photo_3_1781380359425.jpg,Lucky_s__233_11126726_20260613_photo_1_1781380664498.jpg|Lucky_s__233_10558831_20260613_photo_2_1781380359425.jpg|Lucky_s__233_10558831_20260613_photo_3_1781380359425.jpg,True,True,Lucky_s__233_10558831_20260613_1781380359425_CORRECTED_20260826.pdf
45,Lucky's #233,11126726,June (invoice #170015),Lucky_s__233_11126726_20260613_photo_1_1781380664498.jpg|Lucky_s__233_11126726_20260613_photo_2_1781380664498.jpg|Lucky_s__233_11126726_20260613_photo_3_1781380664498.jpg,Lucky_s__233_10558831_20260613_photo_1_1781380359425.jpg|Lucky_s__233_11126726_20260613_photo_2_1781380664498.jpg|Lucky_s__233_11126726_20260613_photo_3_1781380664498.jpg,True,True,Lucky_s__233_11126726_20260613_1781380664498_CORRECTED_20260826.pdf
46,Food Maxx #491,11019373,June (invoice #170015),Food_Maxx__491_11019373_20260613_photo_1_1781381634866.jpg|Food_Maxx__491_11019373_20260613_photo_2_1781381634866.jpg|Food_Maxx__491_11019373_20260613_photo_3_1781381634866.jpg,Food_Maxx__491_11022908_20260613_photo_1_1781381929124.jpg|Food_Maxx__491_11019373_20260613_photo_2_1781381634866.jpg|Food_Maxx__491_11019373_20260613_photo_3_1781381634866.jpg,True,True,Food_Maxx__491_11019373_20260613_1781381634866_CORRECTED_20260826.pdf
47,Food Maxx #491,11022908,June (invoice #170015),Food_Maxx__491_11022908_20260613_photo_1_1781381929124.jpg|Food_Maxx__491_11022908_20260613_photo_2_1781381929124.jpg|Food_Maxx__491_11022908_20260613_photo_3_1781381929124.jpg,Food_Maxx__491_11019373_20260613_photo_1_1781381634866.jpg|Food_Maxx__491_11022908_20260613_photo_2_1781381929124.jpg|Food_Maxx__491_11022908_20260613_photo_3_1781381929124.jpg,True,True,Food_Maxx__491_11022908_20260613_1781381929124_CORRECTED_20260826.pdf
48,Food Maxx #461,11008870,June (invoice #170015),Food_Maxx__461_11008870_20260613_photo_1_1781383129796.jpg|Food_Maxx__461_11008870_20260613_photo_2_1781383129796.jpg|Food_Maxx__461_11008870_20260613_photo_3_1781383129796.jpg,Food_Maxx__461_11008870_20260613_photo_1_1781383129796.jpg|Food_Maxx__461_11008870_20260613_photo_2_1781383129796.jpg|Food_Maxx__461_11008870_20260613_photo_3_1781383129796.jpg,False,False,
49,Food Maxx #461,11014456,June (invoice #170015),Food_Maxx__461_11014456_20260613_photo_1_1781383345340.jpg|Food_Maxx__461_11014456_20260613_photo_2_1781383345340.jpg|Food_Maxx__461_11014456_20260613_photo_3_1781383345340.jpg,Food_Maxx__461_11014456_20260613_photo_1_1781383345340.jpg|Food_Maxx__461_11014456_20260613_photo_2_1781383345340.jpg|Food_Maxx__461_11014456_20260613_photo_3_1781383345340.jpg,False,False,
50,Petco #1327,243307,June (invoice #170015),Petco__1327_243307_20260613_photo_1_1781383868742.jpg|Petco__1327_243307_20260613_photo_2_1781383868742.jpg|Petco__1327_243307_20260613_photo_3_1781383868742.jpg,Petco__1327_243307_20260613_photo_1_1781383868742.jpg|Petco__1327_243307_20260613_photo_2_1781383868742.jpg|Petco__1327_243307_20260613_photo_3_1781383868742.jpg,False,False,
51,Petco #1327,312691,June (invoice #170015),Petco__1327_312691_20260613_photo_1_1781384151139.jpg|Petco__1327_312691_20260613_photo_2_1781384151139.jpg|Petco__1327_312691_20260613_photo_3_1781384151139.jpg,Petco__1327_215314_20260613_photo_1_1781384360066.jpg|Petco__1327_312691_20260613_photo_1_1781384151139.jpg|Petco__1327_312691_20260613_photo_2_1781384151139.jpg|Petco__1327_312691_20260613_photo_3_1781384151139.jpg,True,True,Petco__1327_312691_20260613_1781384151139_CORRECTED_20260826.pdf
52,Petco #1327,215314,June (invoice #170015),Petco__1327_215314_20260613_photo_1_1781384360066.jpg|Petco__1327_215314_20260613_photo_2_1781384360066.jpg|Petco__1327_215314_20260613_photo_3_1781384360066.jpg|Petco__1327_215314_20260613_photo_4_1781384360066.jpg,Petco__1327_215314_20260613_photo_2_1781384360066.jpg|Petco__1327_215314_20260613_photo_3_1781384360066.jpg|Petco__1327_215314_20260613_photo_4_1781384360066.jpg,True,True,
53,Target #1984,9610808,June (invoice #170015),Target__1984_9610808_20260613_photo_1_1781384578691.jpg|Target__1984_9610808_20260613_photo_2_1781384578691.jpg|Target__1984_9610808_20260613_photo_3_1781384578691.jpg,Target__1984_9610808_20260613_photo_1_1781384578691.jpg|Target__1984_9610808_20260613_photo_2_1781384578691.jpg|Target__1984_9610808_20260613_photo_3_1781384578691.jpg,False,True,
54,Walmart US #5435,7033449,June (invoice #170015),Walmart_US__5435_7033449_20260613_photo_1_1781387892303.jpg|Walmart_US__5435_7033449_20260613_photo_2_1781387892303.jpg|Walmart_US__5435_7033449_20260613_photo_3_1781387892303.jpg,Walmart_US__5435_7033449_20260613_photo_1_1781387892303.jpg|Walmart_US__5435_7033449_20260613_photo_2_1781387892303.jpg|Walmart_US__5435_7033449_20260613_photo_3_1781387892303.jpg,False,True,
55,Target #2238,10201966,June (invoice #170015),Target__2238_10201966_20260613_photo_1_1781389836437.jpg|Target__2238_10201966_20260613_photo_2_1781389836437.jpg|Target__2238_10201966_20260613_photo_3_1781389836437.jpg,Target__2238_10201966_20260613_photo_1_1781389836437.jpg|Target__2238_10201966_20260613_photo_2_1781389836437.jpg|Target__2238_10201966_20260613_photo_3_1781389836437.jpg,False,False,
56,Safeway Northern California #3095,305400,June (invoice #170015),Safeway_Northern_California__3_305400_20260613_photo_1_1781391246739.jpg|Safeway_Northern_California__3_305400_20260613_photo_2_1781391246739.jpg,Safeway_Northern_California__3_305400_20260613_photo_1_1781391246739.jpg|Safeway_Northern_California__3_305400_20260613_photo_2_1781391246739.jpg,False,False,
57,Lucky #766,10882123,June (invoice #170015),Lucky__766_10882123_20260613_photo_1_1781391992382.jpg|Lucky__766_10882123_20260613_photo_2_1781391992382.jpg|Lucky__766_10882123_20260613_photo_3_1781391992382.jpg,Lucky__766_10882123_20260613_photo_1_1781391992382.jpg|Lucky__766_10882123_20260613_photo_2_1781391992382.jpg|Lucky__766_10882123_20260613_photo_3_1781391992382.jpg,False,True,
58,Walmart US #3023,302476,June (invoice #170015),Walmart_US__3023_302476_20260613_photo_1_1781392127540.jpg|Walmart_US__3023_302476_20260613_photo_2_1781392127540.jpg|Walmart_US__3023_302476_20260613_photo_3_1781392127540.jpg,Walmart_US__3023_302476_20260613_photo_1_1781392127540.jpg|Walmart_US__3023_302476_20260613_photo_2_1781392127540.jpg,True,True,
59,Food Maxx #483,11003469,June (invoice #170015),Food_Maxx__483_11003469_20260613_photo_1_1781393776061.jpg|Food_Maxx__483_11003469_20260613_photo_2_1781393776061.jpg,Food_Maxx__483_11003463_20260613_photo_2_1781394062879.jpg|Food_Maxx__483_11003469_20260613_photo_1_1781393776061.jpg|Food_Maxx__483_11003469_20260613_photo_2_1781393776061.jpg,True,True,Food_Maxx__483_11003469_20260613_1781393776061_CORRECTED_20260826.pdf
60,Food Maxx #483,11003463,June (invoice #170015),Food_Maxx__483_11003463_20260613_photo_1_1781394062879.jpg|Food_Maxx__483_11003463_20260613_photo_2_1781394062879.jpg|Food_Maxx__483_11003463_20260613_photo_3_1781394062879.jpg,Food_Maxx__483_11003463_20260613_photo_1_1781394062879.jpg|Food_Maxx__483_11003463_20260613_photo_3_1781394062879.jpg,True,True,
61,Lucky #759,10558859,June (invoice #170015),Lucky__759_10558859_20260613_photo_1_1781394924613.jpg|Lucky__759_10558859_20260613_photo_2_1781394924613.jpg|Lucky__759_10558859_20260613_photo_3_1781394924613.jpg,Lucky__759_10558859_20260613_photo_1_1781394924613.jpg|Lucky__759_10558859_20260613_photo_2_1781394924613.jpg|Lucky__759_10558859_20260613_photo_3_1781394924613.jpg,False,False,
62,Costco #1267,10702126,June (invoice #170015),Costco__1267_10702126_20260614_photo_1_1781396225700.jpg|Costco__1267_10702126_20260614_photo_2_1781396225700.jpg,Costco__1267_10702126_20260614_photo_1_1781396225700.jpg|Costco__1267_10702126_20260614_photo_2_1781396225700.jpg,False,True,
63,Safeway Northern California #2900,305004,June (invoice #170015),Safeway_Northern_California__2_305004_20260614_photo_1_1781397431146.jpg|Safeway_Northern_California__2_305004_20260614_photo_2_1781397431146.jpg|Safeway_Northern_California__2_305004_20260614_photo_3_1781397431146.jpg|Safeway_Northern_California__2_305004_20260614_photo_4_1781397431146.jpg,Safeway_Northern_California__2_305004_20260614_photo_1_1781397431146.jpg|Safeway_Northern_California__2_305004_20260614_photo_3_1781397431146.jpg|Safeway_Northern_California__2_305004_20260614_photo_4_1781397431146.jpg,True,True,
64,Safeway Northern California #2900,305395,June (invoice #170015),Safeway_Northern_California__2_305395_20260614_photo_1_1781397676848.jpg|Safeway_Northern_California__2_305395_20260614_photo_2_1781397676848.jpg,Safeway_Northern_California__2_305004_20260614_photo_2_1781397431146.jpg|Safeway_Northern_California__2_305395_20260614_photo_1_1781397676848.jpg|Safeway_Northern_California__2_305395_20260614_photo_2_1781397676848.jpg,True,True,Safeway_Northern_California__2_305395_20260614_1781397676848_CORRECTED_20260826.pdf
65,Petco #1345,226520,June (invoice #170015),Petco__1345_226520_20260614_photo_2_1781398505023.jpg|Petco__1345_226520_20260614_photo_3_1781398505023.jpg|Petco__1345_226520_20260614_photo_4_1781398505023.jpg|Petco__1345_226520_20260614_photo_5_1781398505023.jpg,Petco__1345_226520_20260614_photo_2_1781398505023.jpg|Petco__1345_226520_20260614_photo_5_1781398505023.jpg,True,True,
66,Petco #1345,228164,June (invoice #170015),Petco__1345_228164_20260614_photo_1_1781398647892.jpg|Petco__1345_228164_20260614_photo_2_1781398647892.jpg,Petco__1345_226520_20260614_photo_3_1781398505023.jpg|Petco__1345_228164_20260614_photo_1_1781398647892.jpg|Petco__1345_228164_20260614_photo_2_1781398647892.jpg,True,True,Petco__1345_228164_20260614_1781398647892_CORRECTED_20260826.pdf
67,Petco #1345,312706,June (invoice #170015),Petco__1345_312706_20260614_photo_1_1781398872834.jpg|Petco__1345_312706_20260614_photo_2_1781398872834.jpg,Petco__1345_226520_20260614_photo_4_1781398505023.jpg|Petco__1345_312706_20260614_photo_1_1781398872834.jpg|Petco__1345_312706_20260614_photo_2_1781398872834.jpg,True,True,Petco__1345_312706_20260614_1781398872834_CORRECTED_20260826.pdf
68,Petco #1325,227876,June (invoice #170015),Petco__1325_227876_20260614_photo_1_1781400533952.jpg|Petco__1325_227876_20260614_photo_2_1781400533952.jpg|Petco__1325_227876_20260614_photo_3_1781400533952.jpg|Petco__1325_227876_20260614_photo_4_1781400533952.jpg|Petco__1325_227876_20260614_photo_5_1781400533952.jpg,Petco__1325_227876_20260614_photo_1_1781400533952.jpg|Petco__1325_227876_20260614_photo_3_1781400533952.jpg|Petco__1325_227876_20260614_photo_5_1781400533952.jpg,True,True,
69,Petco #1325,312641,June (invoice #170015),Petco__1325_312641_20260614_photo_1_1781400634998.jpg|Petco__1325_312641_20260614_photo_2_1781400634998.jpg,Petco__1325_227876_20260614_photo_4_1781400533952.jpg|Petco__1325_312641_20260614_photo_1_1781400634998.jpg|Petco__1325_312641_20260614_photo_2_1781400634998.jpg,True,True,Petco__1325_312641_20260614_1781400634998_CORRECTED_20260826.pdf
70,Petco #1325,227222,June (invoice #170015),Petco__1325_227222_20260614_photo_1_1781401058082.jpg|Petco__1325_227222_20260614_photo_2_1781401058082.jpg|Petco__1325_227222_20260614_photo_3_1781401058082.jpg,Petco__1325_227876_20260614_photo_2_1781400533952.jpg|Petco__1325_227222_20260614_photo_1_1781401058082.jpg|Petco__1325_227222_20260614_photo_2_1781401058082.jpg|Petco__1325_227222_20260614_photo_3_1781401058082.jpg,True,True,Petco__1325_227222_20260614_1781401058082_CORRECTED_20260826.pdf
71,Pet Club #M70,4815221,June (invoice #170015),Pet_Club__M70_4815221_20260614_photo_1_1781401810188.jpg|Pet_Club__M70_4815221_20260614_photo_2_1781401810188.jpg,Pet_Club__M70_4815221_20260614_photo_1_1781401810188.jpg|Pet_Club__M70_4815221_20260614_photo_2_1781401810188.jpg,False,True,
72,Nob Hill #635,9318081,June (invoice #170015),Nob_Hill__635_9318081_20260614_photo_1_1781402618570.jpg|Nob_Hill__635_9318081_20260614_photo_2_1781402618570.jpg,Nob_Hill__635_9318081_20260614_photo_1_1781402618570.jpg|Nob_Hill__635_9318081_20260614_photo_2_1781402618570.jpg,False,False,
73,Lucky #763,10558875,June (invoice #170015),Lucky__763_10558875_20260614_photo_1_1781403622159.jpg|Lucky__763_10558875_20260614_photo_2_1781403622159.jpg,Lucky__763_10558875_20260614_photo_1_1781403622159.jpg|Lucky__763_10558875_20260614_photo_2_1781403622159.jpg,False,False,
74,Lucky #763,10874855,June (invoice #170015),Lucky__763_10874855_20260614_photo_1_1781403988176.jpg|Lucky__763_10874855_20260614_photo_2_1781403988176.jpg,Lucky__763_10874855_20260614_photo_1_1781403988176.jpg|Lucky__763_10874855_20260614_photo_2_1781403988176.jpg,False,False,
75,Target #1927,11001326,June (invoice #170015),Target__1927_11001326_20260614_photo_1_1781404093076.jpg|Target__1927_11001326_20260614_photo_2_1781404093076.jpg|Target__1927_11001326_20260614_photo_3_1781404093076.jpg,Target__1927_11001326_20260614_photo_1_1781404093076.jpg|Target__1927_11001326_20260614_photo_2_1781404093076.jpg|Target__1927_11001326_20260614_photo_3_1781404093076.jpg,False,True,
76,Target #2605,10609652,June (invoice #170015),Target__2605_10609652_20260614_photo_1_1781404208667.jpg|Target__2605_10609652_20260614_photo_2_1781404208667.jpg|Target__2605_10609652_20260614_photo_3_1781404208667.jpg,Target__2605_10609652_20260614_photo_1_1781404208667.jpg|Target__2605_10609652_20260614_photo_2_1781404208667.jpg|Target__2605_10609652_20260614_photo_3_1781404208667.jpg,False,True,
77,Safeway Northern California #316,304973,June (invoice #170015),Safeway_Northern_California__3_304973_20260614_photo_1_1781405278191.jpg|Safeway_Northern_California__3_304973_20260614_photo_2_1781405278191.jpg|Safeway_Northern_California__3_304973_20260614_photo_3_1781405278191.jpg|Safeway_Northern_California__3_304973_20260614_photo_4_1781405278191.jpg,Safeway_Northern_California__3_304973_20260614_photo_1_1781405278191.jpg|Safeway_Northern_California__3_304973_20260614_photo_2_1781405278191.jpg|Safeway_Northern_California__3_304973_20260614_photo_3_1781405278191.jpg|Safeway_Northern_California__3_304973_20260614_photo_4_1781405278191.jpg,False,True,
78,Safeway Northern California #316,304985,June (invoice #170015),Safeway_Northern_California__3_304985_20260614_photo_1_1781405625590.jpg|Safeway_Northern_California__3_304985_20260614_photo_2_1781405625590.jpg,Safeway_Northern_California__3_304985_20260614_photo_1_1781405625590.jpg|Safeway_Northern_California__3_304985_20260614_photo_2_1781405625590.jpg,False,True,
79,Petco #267,228191,June (invoice #170015),Petco__267_228191_20260614_photo_1_1781406705327.jpg|Petco__267_228191_20260614_photo_2_1781406705327.jpg|Petco__267_228191_20260614_photo_3_1781406705327.jpg|Petco__267_228191_20260614_photo_4_1781406705327.jpg,Petco__267_228191_20260614_photo_1_1781406705327.jpg|Petco__267_228191_20260614_photo_2_1781406705327.jpg|Petco__267_228191_20260614_photo_4_1781406705327.jpg,True,True,
80,Petco #267,307524,June (invoice #170015),Petco__267_307524_20260614_photo_1_1781407323545.jpg|Petco__267_307524_20260614_photo_2_1781407323545.jpg|Petco__267_307524_20260614_photo_3_1781407323545.jpg,Petco__267_307524_20260614_photo_1_1781407323545.jpg|Petco__267_307524_20260614_photo_2_1781407323545.jpg|Petco__267_307524_20260614_photo_3_1781407323545.jpg,False,True,
81,Petco #267,226614,June (invoice #170015),Petco__267_226614_20260614_photo_1_1781407790941.jpg|Petco__267_226614_20260614_photo_2_1781407790941.jpg|Petco__267_226614_20260614_photo_3_1781407790941.jpg,Petco__267_228191_20260614_photo_3_1781406705327.jpg|Petco__267_226614_20260614_photo_1_1781407790941.jpg|Petco__267_226614_20260614_photo_2_1781407790941.jpg|Petco__267_226614_20260614_photo_3_1781407790941.jpg,True,True,Petco__267_226614_20260614_1781407790941_CORRECTED_20260826.pdf
82,Petco #267,7814967,June (invoice #170015),Petco__267_7814967_20260614_photo_1_1781407852198.jpg|Petco__267_7814967_20260614_photo_2_1781407852198.jpg|Petco__267_7814967_20260614_photo_3_1781407852198.jpg,Petco__267_7814967_20260614_photo_1_1781407852198.jpg|Petco__267_7814967_20260614_photo_3_1781407852198.jpg,True,True,
83,Petco #267,7814967,June (invoice #170015),,,False,True,
84,Safeway #1714,311461,June (invoice #170015),Safeway__1714_311461_20260615_photo_1_1781538509232.jpg,Safeway__1714_311461_20260615_photo_1_1781538509232.jpg,False,True,
85,Lucky #718,10564805,June (invoice #170015),Lucky__718_10564805_20260615_photo_1_1781539453820.jpg|Lucky__718_10564805_20260615_photo_2_1781539453820.jpg|Lucky__718_10564805_20260615_photo_3_1781539453820.jpg,Lucky__718_10564805_20260615_photo_1_1781539453820.jpg|Lucky__718_10564805_20260615_photo_2_1781539453820.jpg|Lucky__718_10564805_20260615_photo_3_1781539453820.jpg,False,False,
86,Safeway #2874,295389,June (invoice #170015),Safeway__2874_295389_20260615_photo_1_1781540211887.jpg|Safeway__2874_295389_20260615_photo_2_1781540211887.jpg,Safeway__2874_291727_20260615_photo_2_1781540532622.jpg|Safeway__2874_295389_20260615_photo_2_1781540211887.jpg,True,True,Safeway__2874_295389_20260615_1781540211887_CORRECTED_20260826.pdf
87,Safeway #2874,291727,June (invoice #170015),Safeway__2874_291727_20260615_photo_1_1781540532622.jpg|Safeway__2874_291727_20260615_photo_2_1781540532622.jpg|Safeway__2874_291727_20260615_photo_3_1781540532622.jpg,Safeway__2874_295389_20260615_photo_1_1781540211887.jpg|Safeway__2874_291727_20260615_photo_1_1781540532622.jpg|Safeway__2874_291727_20260615_photo_3_1781540532622.jpg,True,True,Safeway__2874_291727_20260615_1781540532622_CORRECTED_20260826.pdf
88,Raley's #343,10746478,June (invoice #170015),Raley_s__343_10746478_20260615_photo_1_1781541951700.jpg|Raley_s__343_10746478_20260615_photo_2_1781541951700.jpg|Raley_s__343_10746478_20260615_photo_3_1781541951700.jpg,Raley_s__343_10746478_20260615_photo_2_1781541951700.jpg|Raley_s__343_10746478_20260615_photo_3_1781541951700.jpg,True,True,
89,Raley's #343,10602671,June (invoice #170015),Raley_s__343_10602671_20260615_photo_1_1781542574598.jpg|Raley_s__343_10602671_20260615_photo_2_1781542574598.jpg,Raley_s__343_10746478_20260615_photo_1_1781541951700.jpg|Raley_s__343_10602671_20260615_photo_1_1781542574598.jpg|Raley_s__343_10602671_20260615_photo_2_1781542574598.jpg,True,True,Raley_s__343_10602671_20260615_1781542574598_CORRECTED_20260826.pdf
90,Safeway Northern California #774,304971,June (invoice #170015),Safeway_Northern_California__7_304971_20260615_photo_1_1781543405631.jpg|Safeway_Northern_California__7_304971_20260615_photo_2_1781543405631.jpg|Safeway_Northern_California__7_304971_20260615_photo_3_1781543405631.jpg,Safeway_Northern_California__7_304971_20260615_photo_2_1781543405631.jpg|Safeway_Northern_California__7_304971_20260615_photo_3_1781543405631.jpg,True,True,
91,Safeway Northern California #774,11162226,June (invoice #170015),Safeway_Northern_California__7_11162226_20260615_photo_1_1781543682983.jpg|Safeway_Northern_California__7_11162226_20260615_photo_2_1781543682983.jpg,Safeway_Northern_California__7_304971_20260615_photo_1_1781543405631.jpg|Safeway_Northern_California__7_11162226_20260615_photo_1_1781543682983.jpg|Safeway_Northern_California__7_11162226_20260615_photo_2_1781543682983.jpg,True,True,Safeway_Northern_California__7_11162226_20260615_1781543682983_CORRECTED_20260826.pdf
92,Petco #334,225669,June (invoice #170015),Petco__334_225669_20260615_photo_1_1781545160100.jpg|Petco__334_225669_20260615_photo_2_1781545160100.jpg|Petco__334_225669_20260615_photo_3_1781545160100.jpg,Petco__334_225669_20260615_photo_1_1781545160100.jpg|Petco__334_225669_20260615_photo_2_1781545160100.jpg|Petco__334_225669_20260615_photo_3_1781545160100.jpg,False,False,
93,Petco #334,M072676,June (invoice #170015),Petco__334_M072676_20260615_photo_1_1781545477639.jpg|Petco__334_M072676_20260615_photo_2_1781545477639.jpg,Petco__334_M072676_20260615_photo_1_1781545477639.jpg|Petco__334_M072676_20260615_photo_2_1781545477639.jpg,False,True,
94,Safeway #939,311973,June (invoice #170015),Safeway__939_311973_20260615_photo_1_1781546337786.jpg|Safeway__939_311973_20260615_photo_2_1781546337786.jpg,Safeway__939_311973_20260615_photo_1_1781546337786.jpg|Safeway__939_311973_20260615_photo_2_1781546337786.jpg,False,False,
95,Nob Hill #621,32158100000907,June (invoice #170015),Nob_Hill__621_32158100000907_20260615_photo_1_1781547301674.jpg|Nob_Hill__621_32158100000907_20260615_photo_2_1781547301674.jpg,Nob_Hill__621_32158100000907_20260615_photo_1_1781547301674.jpg|Nob_Hill__621_32158100000907_20260615_photo_2_1781547301674.jpg,False,True,
96,Walmart US #3493,221637,June (invoice #170015),Walmart_US__3493_221637_20260615_photo_1_1781549114115.jpg|Walmart_US__3493_221637_20260615_photo_2_1781549114115.jpg|Walmart_US__3493_221637_20260615_photo_3_1781549114115.jpg,Walmart_US__3493_221637_20260615_photo_1_1781549114115.jpg|Walmart_US__3493_221637_20260615_photo_2_1781549114115.jpg|Walmart_US__3493_221637_20260615_photo_3_1781549114115.jpg,False,False,
97,Safeway Northern California #972,M123467,June (invoice #170015),Safeway_Northern_California__9_M123467_20260615_photo_1_1781549990077.jpg|Safeway_Northern_California__9_M123467_20260615_photo_2_1781549990077.jpg|Safeway_Northern_California__9_M123467_20260615_photo_3_1781549990077.jpg,Safeway_Northern_California__9_M123467_20260615_photo_1_1781549990077.jpg|Safeway_Northern_California__9_M123467_20260615_photo_3_1781549990077.jpg,True,True,
98,Safeway Northern California #972,291736,June (invoice #170015),Safeway_Northern_California__9_291736_20260615_photo_1_1781550367335.jpg|Safeway_Northern_California__9_291736_20260615_photo_2_1781550367335.jpg,Safeway_Northern_California__9_M123467_20260615_photo_2_1781549990077.jpg|Safeway_Northern_California__9_291736_20260615_photo_1_1781550367335.jpg|Safeway_Northern_California__9_291736_20260615_photo_2_1781550367335.jpg,True,True,Safeway_Northern_California__9_291736_20260615_1781550367335_CORRECTED_20260826.pdf
99,Concord Feed #116254,4593836,June (invoice #170015),Concord_Feed__116254_4593836_20260615_photo_1_1781552031806.jpg|Concord_Feed__116254_4593836_20260615_photo_2_1781552031806.jpg|Concord_Feed__116254_4593836_20260615_photo_3_1781552031806.jpg,Concord_Feed__116254_4593836_20260615_photo_1_1781552031806.jpg|Concord_Feed__116254_4593836_20260615_photo_2_1781552031806.jpg|Concord_Feed__116254_4593836_20260615_photo_3_1781552031806.jpg,False,True,
100,Safeway #1541,311983,June (invoice #170015),Safeway__1541_311983_20260615_photo_1_1781552787089.jpg|Safeway__1541_311983_20260615_photo_2_1781552787089.jpg,Safeway__1541_311983_20260615_photo_2_1781552787089.jpg,True,True,
101,Safeway #1541,311984,June (invoice #170015),Safeway__1541_311984_20260615_photo_1_1781553383783.jpg|Safeway__1541_311984_20260615_photo_2_1781553383783.jpg,Safeway__1541_311983_20260615_photo_1_1781552787089.jpg|Safeway__1541_311984_20260615_photo_1_1781553383783.jpg|Safeway__1541_311984_20260615_photo_2_1781553383783.jpg,True,True,Safeway__1541_311984_20260615_1781553383783_CORRECTED_20260826.pdf
102,Safeway #928,291700,June (invoice #170015),Safeway__928_291700_20260615_photo_1_1781553587416.jpg|Safeway__928_291700_20260615_photo_2_1781553587416.jpg|Safeway__928_291700_20260615_photo_3_1781553587416.jpg,Safeway__928_291700_20260615_photo_1_1781553587416.jpg|Safeway__928_291700_20260615_photo_2_1781553587416.jpg|Safeway__928_291700_20260615_photo_3_1781553587416.jpg,False,True,
103,Safeway Northern California #2941,311459,June (invoice #170015),Safeway_Northern_California__2_311459_20260615_photo_1_1781554562839.jpg|Safeway_Northern_California__2_311459_20260615_photo_2_1781554562839.jpg|Safeway_Northern_California__2_311459_20260615_photo_3_1781554562839.jpg|Safeway_Northern_California__2_311459_20260615_photo_4_1781554562839.jpg,Safeway_Northern_California__2_311459_20260615_photo_2_1781554562839.jpg|Safeway_Northern_California__2_311459_20260615_photo_3_1781554562839.jpg|Safeway_Northern_California__2_311459_20260615_photo_4_1781554562839.jpg,True,True,
104,Safeway Northern California #2941,311459,June (invoice #170015),,,False,True,
105,Safeway Northern California #2941,311460,June (invoice #170015),Safeway_Northern_California__2_311460_20260615_photo_1_1781555636807.jpg|Safeway_Northern_California__2_311460_20260615_photo_2_1781555636807.jpg,Safeway_Northern_California__2_311459_20260615_photo_1_1781554562839.jpg|Safeway_Northern_California__2_311460_20260615_photo_1_1781555636807.jpg|Safeway_Northern_California__2_311460_20260615_photo_2_1781555636807.jpg,True,True,Safeway_Northern_California__2_311460_20260615_1781555636807_CORRECTED_20260826.pdf
106,Target #330,10157996,June (invoice #170015),Target__330_10157996_20260615_photo_1_1781557177183.jpg|Target__330_10157996_20260615_photo_2_1781557177183.jpg|Target__330_10157996_20260615_photo_3_1781557177183.jpg,Target__330_10157996_20260615_photo_1_1781557177183.jpg|Target__330_10157996_20260615_photo_2_1781557177183.jpg|Target__330_10157996_20260615_photo_3_1781557177183.jpg,False,False,
107,Whole Foods Market #10677-CON,9669961,June (invoice #170015),Whole_Foods_Market__10677_CON_9669961_20260615_photo_1_1781558543838.jpg|Whole_Foods_Market__10677_CON_9669961_20260615_photo_2_1781558543838.jpg,Whole_Foods_Market__10677_CON_9669961_20260615_photo_1_1781558543838.jpg|Whole_Foods_Market__10677_CON_9669961_20260615_photo_2_1781558543838.jpg,False,False,
108,Petco #1335,243310,June (invoice #170015),Petco__1335_243310_20260615_photo_1_1781561252767.jpg|Petco__1335_243310_20260615_photo_2_1781561252767.jpg|Petco__1335_243310_20260615_photo_3_1781561252767.jpg,Petco__1335_243310_20260615_photo_2_1781561252767.jpg,True,True,
109,Petco #1335,312674,June (invoice #170015),Petco__1335_312674_20260615_photo_1_1781561464409.jpg|Petco__1335_312674_20260615_photo_2_1781561464409.jpg,Petco__1335_243310_20260615_photo_1_1781561252767.jpg|Petco__1335_312674_20260615_photo_1_1781561464409.jpg|Petco__1335_312674_20260615_photo_2_1781561464409.jpg,True,True,Petco__1335_312674_20260615_1781561464409_CORRECTED_20260826.pdf
110,Petco #1335,312674,June (invoice #170015),,,False,True,
111,Petco #1335,243651,June (invoice #170015),Petco__1335_243651_20260615_photo_1_1781561613956.jpg|Petco__1335_243651_20260615_photo_2_1781561613956.jpg,Petco__1335_243310_20260615_photo_3_1781561252767.jpg|Petco__1335_243651_20260615_photo_1_1781561613956.jpg|Petco__1335_243651_20260615_photo_2_1781561613956.jpg,True,True,Petco__1335_243651_20260615_1781561613956_CORRECTED_20260826.pdf
112,Sam's Club #6612,M158115,June (invoice #170015),Sam_s_Club__6612_M158115_20260615_photo_1_1781562499580.jpg|Sam_s_Club__6612_M158115_20260615_photo_2_1781562499580.jpg,Sam_s_Club__6612_M158115_20260615_photo_1_1781562499580.jpg|Sam_s_Club__6612_M158115_20260615_photo_2_1781562499580.jpg,False,True,
113,PetSmart US #61,269040,June (invoice #170015),PetSmart_US__61_269040_20260615_photo_1_1781565050469.jpg|PetSmart_US__61_269040_20260615_photo_2_1781565050469.jpg|PetSmart_US__61_269040_20260615_photo_3_1781565050469.jpg|PetSmart_US__61_269040_20260615_photo_4_1781565050469.jpg|PetSmart_US__61_269040_20260615_photo_5_1781565050469.jpg,PetSmart_US__61_269040_20260615_photo_1_1781565050469.jpg|PetSmart_US__61_269040_20260615_photo_4_1781565050469.jpg|PetSmart_US__61_269040_20260615_photo_5_1781565050469.jpg,True,True,
114,PetSmart US #61,242466,June (invoice #170015),PetSmart_US__61_242466_20260615_photo_1_1781565115967.jpg|PetSmart_US__61_242466_20260615_photo_2_1781565115967.jpg|PetSmart_US__61_242466_20260615_photo_3_1781565115967.jpg,PetSmart_US__61_269040_20260615_photo_3_1781565050469.jpg|PetSmart_US__61_242466_20260615_photo_1_1781565115967.jpg|PetSmart_US__61_242466_20260615_photo_2_1781565115967.jpg|PetSmart_US__61_242466_20260615_photo_3_1781565115967.jpg,True,True,PetSmart_US__61_242466_20260615_1781565115967_CORRECTED_20260826.pdf
115,PetSmart US #61,208767,June (invoice #170015),PetSmart_US__61_208767_20260615_photo_1_1781565273460.jpg|PetSmart_US__61_208767_20260615_photo_2_1781565273460.jpg|PetSmart_US__61_208767_20260615_photo_3_1781565273460.jpg,PetSmart_US__61_269040_20260615_photo_2_1781565050469.jpg|PetSmart_US__61_208767_20260615_photo_1_1781565273460.jpg|PetSmart_US__61_208767_20260615_photo_2_1781565273460.jpg|PetSmart_US__61_208767_20260615_photo_3_1781565273460.jpg,True,True,PetSmart_US__61_208767_20260615_1781565273460_CORRECTED_20260826.pdf
116,Safeway Northern California #955,304998,June (invoice #170015),Safeway_Northern_California__9_304998_20260615_photo_1_1781566259562.jpg,Safeway_Northern_California__9_304998_20260615_photo_1_1781566259562.jpg,False,True,
117,Costco #643,10772056,June (invoice #170015),Costco__643_10772056_20260615_photo_1_1781567227644.jpg|Costco__643_10772056_20260615_photo_2_1781567227644.jpg|Costco__643_10772056_20260615_photo_3_1781567227644.jpg,Costco__643_10772056_20260615_photo_1_1781567227644.jpg|Costco__643_10772056_20260615_photo_2_1781567227644.jpg|Costco__643_10772056_20260615_photo_3_1781567227644.jpg,False,True,
118,Costco #663,10711714,June (invoice #170015),Costco__663_10711714_20260615_photo_1_1781567350841.jpg|Costco__663_10711714_20260615_photo_2_1781567350841.jpg|Costco__663_10711714_20260615_photo_3_1781567350841.jpg,Costco__663_10711714_20260615_photo_1_1781567350841.jpg|Costco__663_10711714_20260615_photo_2_1781567350841.jpg|Costco__663_10711714_20260615_photo_3_1781567350841.jpg,False,True,
119,Food Maxx #481,11008874,June (invoice #170015),Food_Maxx__481_11008874_20260615_photo_1_1781567936781.jpg|Food_Maxx__481_11008874_20260615_photo_2_1781567936781.jpg|Food_Maxx__481_11008874_20260615_photo_3_1781567936781.jpg,Food_Maxx__481_11008874_20260615_photo_1_1781567936781.jpg|Food_Maxx__481_11008874_20260615_photo_2_1781567936781.jpg|Food_Maxx__481_11008874_20260615_photo_3_1781567936781.jpg,False,False,
120,Food Maxx #481,10998988,June (invoice #170015),,,False,True,
121,Safeway #1192,276958,June (invoice #170015),Safeway__1192_276958_20260616_photo_1_1781568319801.jpg|Safeway__1192_276958_20260616_photo_2_1781568319801.jpg|Safeway__1192_276958_20260616_photo_3_1781568319801.jpg,Safeway__1192_276958_20260616_photo_1_1781568319801.jpg|Safeway__1192_276958_20260616_photo_2_1781568319801.jpg|Safeway__1192_276958_20260616_photo_3_1781568319801.jpg,False,True,
122,Food Maxx #418,10385532,June (invoice #170015),Food_Maxx__418_10385532_20260616_photo_1_1781569452776.jpg|Food_Maxx__418_10385532_20260616_photo_2_1781569452776.jpg|Food_Maxx__418_10385532_20260616_photo_3_1781569452776.jpg,Food_Maxx__418_10385532_20260616_photo_2_1781569452776.jpg|Food_Maxx__418_10385532_20260616_photo_3_1781569452776.jpg,True,True,
123,Food Maxx #418,10521388,June (invoice #170015),Food_Maxx__418_10521388_20260616_photo_1_1781569623506.jpg,Food_Maxx__418_10385532_20260616_photo_1_1781569452776.jpg|Food_Maxx__418_10521388_20260616_photo_1_1781569623506.jpg,True,True,Food_Maxx__418_10521388_20260616_1781569623506_CORRECTED_20260826.pdf
124,Lucky #705,11126734,June (invoice #170015),Lucky__705_11126734_20260616_photo_1_1781571342146.jpg|Lucky__705_11126734_20260616_photo_2_1781571342146.jpg|Lucky__705_11126734_20260616_photo_3_1781571342146.jpg,Lucky__705_11126734_20260616_photo_1_1781571342146.jpg|Lucky__705_11126734_20260616_photo_3_1781571342146.jpg,True,True,
125,Lucky #705,10091428,June (invoice #170015),Lucky__705_10091428_20260616_photo_1_1781571805138.jpg|Lucky__705_10091428_20260616_photo_2_1781571805138.jpg,Lucky__705_11126734_20260616_photo_2_1781571342146.jpg|Lucky__705_10091428_20260616_photo_1_1781571805138.jpg|Lucky__705_10091428_20260616_photo_2_1781571805138.jpg,True,True,Lucky__705_10091428_20260616_1781571805138_CORRECTED_20260826.pdf
126,Food 4 Less #764,11162184,June (invoice #170015),Food_4_Less__764_11162184_20260616_photo_1_1781572288243.jpg|Food_4_Less__764_11162184_20260616_photo_2_1781572288243.jpg|Food_4_Less__764_11162184_20260616_photo_3_1781572288243.jpg,Food_4_Less__764_11162184_20260616_photo_1_1781572288243.jpg|Food_4_Less__764_11162184_20260616_photo_2_1781572288243.jpg|Food_4_Less__764_11162184_20260616_photo_3_1781572288243.jpg,False,True,
127,Lucky's #212,10121617,June (invoice #170015),Lucky_s__212_10121617_20260616_photo_1_1781627434239.jpg|Lucky_s__212_10121617_20260616_photo_2_1781627434239.jpg|Lucky_s__212_10121617_20260616_photo_3_1781627434239.jpg,Lucky_s__212_10121617_20260616_photo_1_1781627434239.jpg|Lucky_s__212_10121617_20260616_photo_2_1781627434239.jpg|Lucky_s__212_10121617_20260616_photo_3_1781627434239.jpg,False,False,
128,Lucky's #212,111012641-1,June (invoice #170015),Lucky_s__212_111012641-1_20260616_photo_1_1781627688733.jpg,Lucky_s__212_111012641-1_20260616_photo_1_1781627688733.jpg,False,True,
129,Lucky's #212,111012641-1,June (invoice #170015),,,False,True,
130,Safeway Northern California #1259,10168519,June (invoice #170015),,,False,True,
131,Safeway Northern California #1259,10633775,June (invoice #170015),Safeway_Northern_California__1_10633775_20260616_photo_1_1781628950731.jpg,Safeway_Northern_California__1_10633775_20260616_photo_1_1781628950731.jpg,False,True,
132,Raley's #333,10131443,June (invoice #170015),Raley_s__333_10131443_20260616_photo_1_1781629008227.jpg,Raley_s__333_10131443_20260616_photo_1_1781629008227.jpg,False,True,
133,Raley's #333,10131443,June (invoice #170015),Raley_s__333_10131443_20260616_photo_1_1781629022841.jpg,Raley_s__333_10131443_20260616_photo_1_1781629022841.jpg,False,True,
134,Raley's #333,10131456,June (invoice #170015),Raley_s__333_10131456_20260616_photo_1_1781629056711.jpg,Raley_s__333_10131456_20260616_photo_1_1781629056711.jpg,False,True,
135,Petco #1311,228178,June (invoice #170015),Petco__1311_228178_20260616_photo_1_1781629963947.jpg|Petco__1311_228178_20260616_photo_2_1781629963947.jpg|Petco__1311_228178_20260616_photo_3_1781629963947.jpg|Petco__1311_228178_20260616_photo_4_1781629963947.jpg,Petco__1311_228178_20260616_photo_1_1781629963947.jpg|Petco__1311_228178_20260616_photo_2_1781629963947.jpg|Petco__1311_228178_20260616_photo_4_1781629963947.jpg,True,True,
136,Petco #1311,313294,June (invoice #170015),Petco__1311_313294_20260616_photo_1_1781629993229.jpg,Petco__1311_228178_20260616_photo_3_1781629963947.jpg|Petco__1311_313294_20260616_photo_1_1781629993229.jpg,True,True,Petco__1311_313294_20260616_1781629993229_CORRECTED_20260826.pdf
137,Petco #1311,226511,June (invoice #170015),Petco__1311_226511_20260616_photo_1_1781630814899.jpg,Petco__1311_226511_20260616_photo_1_1781630814899.jpg,False,True,
138,PetSmart US #60,209581,June (invoice #170015),PetSmart_US__60_209581_20260616_photo_1_1781631439116.jpg,PetSmart_US__60_209581_20260616_photo_1_1781631439116.jpg,False,True,
139,PetSmart US #60,278208,June (invoice #170015),PetSmart_US__60_278208_20260616_photo_1_1781631691568.jpg,PetSmart_US__60_278208_20260616_photo_1_1781631691568.jpg,False,True,
140,PetSmart US #60,278138,June (invoice #170015),PetSmart_US__60_278138_20260616_photo_1_1781631773648.jpg,PetSmart_US__60_278138_20260616_photo_1_1781631773648.jpg,False,True,
141,Target #1819,9879052,June (invoice #170015),Target__1819_9879052_20260616_photo_1_1781633007051.jpg|Target__1819_9879052_20260616_photo_2_1781633007051.jpg,Target__1819_9879052_20260616_photo_2_1781633007051.jpg,True,True,
142,Walmart US #2697,300026,June (invoice #170015),Walmart_US__2697_300026_20260616_photo_1_1781633216304.jpg|Walmart_US__2697_300026_20260616_photo_2_1781633216304.jpg,Walmart_US__2697_300026_20260616_photo_1_1781633216304.jpg|Walmart_US__2697_300026_20260616_photo_2_1781633216304.jpg,False,True,
143,Target #1819,9632944,June (invoice #170015),Target__1819_9632944_20260616_photo_1_1781633314266.jpg|Target__1819_9632944_20260616_photo_2_1781633314266.jpg,Target__1819_9879052_20260616_photo_1_1781633007051.jpg|Target__1819_9632944_20260616_photo_1_1781633314266.jpg|Target__1819_9632944_20260616_photo_2_1781633314266.jpg,True,True,Target__1819_9632944_20260616_1781633314266_CORRECTED_20260826.pdf
144,Target #1819,9632944,June (invoice #170015),,,False,True,
145,Safeway Northern California #2621,276132,June (invoice #170015),Safeway_Northern_California__2_276132_20260616_photo_1_1781634704389.jpg|Safeway_Northern_California__2_276132_20260616_photo_2_1781634704389.jpg|Safeway_Northern_California__2_276132_20260616_photo_3_1781634704389.jpg|Safeway_Northern_California__2_276132_20260616_photo_4_1781634704389.jpg|Safeway_Northern_California__2_276132_20260616_photo_5_1781634704389.jpg,Safeway_Northern_California__2_276132_20260616_photo_1_1781634704389.jpg|Safeway_Northern_California__2_276132_20260616_photo_2_1781634704389.jpg|Safeway_Northern_California__2_276132_20260616_photo_5_1781634704389.jpg,True,True,
146,Safeway Northern California #2621,261105,June (invoice #170015),Safeway_Northern_California__2_261105_20260616_photo_1_1781634745766.jpg,Safeway_Northern_California__2_276132_20260616_photo_4_1781634704389.jpg|Safeway_Northern_California__2_261105_20260616_photo_1_1781634745766.jpg,True,True,Safeway_Northern_California__2_261105_20260616_1781634745766_CORRECTED_20260826.pdf
147,Safeway Northern California #2621,305001,June (invoice #170015),Safeway_Northern_California__2_305001_20260616_photo_1_1781635298588.jpg,Safeway_Northern_California__2_276132_20260616_photo_3_1781634704389.jpg|Safeway_Northern_California__2_305001_20260616_photo_1_1781635298588.jpg,True,True,Safeway_Northern_California__2_305001_20260616_1781635298588_CORRECTED_20260826.pdf
148,Food Maxx #480,11027525,June (invoice #170015),Food_Maxx__480_11027525_20260616_photo_1_1781635982528.jpg|Food_Maxx__480_11027525_20260616_photo_2_1781635982528.jpg|Food_Maxx__480_11027525_20260616_photo_3_1781635982528.jpg,Food_Maxx__480_11027525_20260616_photo_1_1781635982528.jpg|Food_Maxx__480_11027525_20260616_photo_2_1781635982528.jpg|Food_Maxx__480_11027525_20260616_photo_3_1781635982528.jpg,False,False,
149,Food Maxx #480,11032465,June (invoice #170015),,,False,True,
150,Somersville Pet Supply #604283,7624000,June (invoice #170015),Somersville_Pet_Supply__604283_7624000_20260616_photo_1_1781636281952.jpg|Somersville_Pet_Supply__604283_7624000_20260616_photo_2_1781636281952.jpg|Somersville_Pet_Supply__604283_7624000_20260616_photo_3_1781636281952.jpg,Somersville_Pet_Supply__604283_7624000_20260616_photo_1_1781636281952.jpg|Somersville_Pet_Supply__604283_7624000_20260616_photo_2_1781636281952.jpg|Somersville_Pet_Supply__604283_7624000_20260616_photo_3_1781636281952.jpg,False,True,
151,Lucky's #737,10580511,June (invoice #170015),Lucky_s__737_10580511_20260616_photo_1_1781637742148.jpg|Lucky_s__737_10580511_20260616_photo_2_1781637742148.jpg,Lucky_s__737_10580511_20260616_photo_1_1781637742148.jpg,True,True,
152,Lucky's #737,10911504,June (invoice #170015),Lucky_s__737_10911504_20260616_photo_1_1781637951066.jpg,Lucky_s__737_10580511_20260616_photo_2_1781637742148.jpg|Lucky_s__737_10911504_20260616_photo_1_1781637951066.jpg,True,True,Lucky_s__737_10911504_20260616_1781637951066_CORRECTED_20260826.pdf
153,Raley's #304,10580479,June (invoice #170015),Raley_s__304_10580479_20260616_photo_1_1781638580099.jpg|Raley_s__304_10580479_20260616_photo_2_1781638580099.jpg|Raley_s__304_10580479_20260616_photo_3_1781638580099.jpg|Raley_s__304_10580479_20260616_photo_4_1781638580099.jpg,Raley_s__304_10580479_20260616_photo_1_1781638580099.jpg|Raley_s__304_10580479_20260616_photo_3_1781638580099.jpg|Raley_s__304_10580479_20260616_photo_4_1781638580099.jpg,True,True,
154,Raley's #336,9335624,June (invoice #170015),Raley_s__336_9335624_20260616_photo_1_1781638693673.jpg|Raley_s__336_9335624_20260616_photo_2_1781638693673.jpg,Raley_s__336_9335624_20260616_photo_1_1781638693673.jpg|Raley_s__336_9335624_20260616_photo_2_1781638693673.jpg,False,True,
155,Raley's #304,10580482,June (invoice #170015),Raley_s__304_10580482_20260616_photo_1_1781638862864.jpg|Raley_s__304_10580482_20260616_photo_2_1781638862864.jpg,Raley_s__304_10580479_20260616_photo_2_1781638580099.jpg|Raley_s__304_10580482_20260616_photo_1_1781638862864.jpg|Raley_s__304_10580482_20260616_photo_2_1781638862864.jpg,True,True,Raley_s__304_10580482_20260616_1781638862864_CORRECTED_20260826.pdf
156,Safeway #2657,M126774,June (invoice #170015),Safeway__2657_M126774_20260616_photo_1_1781639712351.jpg|Safeway__2657_M126774_20260616_photo_2_1781639712351.jpg|Safeway__2657_M126774_20260616_photo_3_1781639712351.jpg,Safeway__2657_M126774_20260616_photo_1_1781639712351.jpg|Safeway__2657_M126774_20260616_photo_3_1781639712351.jpg,True,True,
157,Safeway #2657,M123493,June (invoice #170015),Safeway__2657_M123493_20260616_photo_1_1781639928671.jpg|Safeway__2657_M123493_20260616_photo_2_1781639928671.jpg,Safeway__2657_M126774_20260616_photo_2_1781639712351.jpg|Safeway__2657_M123493_20260616_photo_1_1781639928671.jpg|Safeway__2657_M123493_20260616_photo_2_1781639928671.jpg,True,True,Safeway__2657_M123493_20260616_1781639928671_CORRECTED_20260826.pdf
158,PetSmart US #56,278167,June (invoice #170015),PetSmart_US__56_278167_20260616_photo_1_1781641556790.jpg|PetSmart_US__56_278167_20260616_photo_2_1781641556790.jpg|PetSmart_US__56_278167_20260616_photo_3_1781641556790.jpg|PetSmart_US__56_278167_20260616_photo_4_1781641556790.jpg|PetSmart_US__56_278167_20260616_photo_5_1781641556790.jpg|PetSmart_US__56_278167_20260616_photo_6_1781641556790.jpg,PetSmart_US__56_278167_20260616_photo_1_1781641556790.jpg|PetSmart_US__56_278167_20260616_photo_2_1781641556790.jpg|PetSmart_US__56_278167_20260616_photo_3_1781641556790.jpg|PetSmart_US__56_278167_20260616_photo_4_1781641556790.jpg|PetSmart_US__56_278167_20260616_photo_5_1781641556790.jpg|PetSmart_US__56_278167_20260616_photo_6_1781641556790.jpg,False,True,
159,PetSmart US #56,278149,June (invoice #170015),PetSmart_US__56_278149_20260616_photo_1_1781641607409.jpg|PetSmart_US__56_278149_20260616_photo_2_1781641607409.jpg,PetSmart_US__56_278149_20260616_photo_1_1781641607409.jpg|PetSmart_US__56_278149_20260616_photo_2_1781641607409.jpg,False,True,
160,PetSmart US #56,209606,June (invoice #170015),PetSmart_US__56_209606_20260616_photo_1_1781641654448.jpg|PetSmart_US__56_209606_20260616_photo_2_1781641654448.jpg,PetSmart_US__56_209606_20260616_photo_1_1781641654448.jpg|PetSmart_US__56_209606_20260616_photo_2_1781641654448.jpg,False,True,
161,Petco #348,9459537,June (invoice #170015),Petco__348_9459537_20260617_photo_1_1781714169548.jpg|Petco__348_9459537_20260617_photo_2_1781714169548.jpg|Petco__348_9459537_20260617_photo_3_1781714169548.jpg|Petco__348_9459537_20260617_photo_4_1781714169548.jpg,Petco__348_9459537_20260617_photo_3_1781714169548.jpg|Petco__348_9459537_20260617_photo_4_1781714169548.jpg,True,True,
162,Petco #348,227270,June (invoice #170015),Petco__348_227270_20260617_photo_1_1781714294176.jpg,Petco__348_9459537_20260617_photo_1_1781714169548.jpg|Petco__348_227270_20260617_photo_1_1781714294176.jpg,True,True,Petco__348_227270_20260617_1781714294176_CORRECTED_20260826.pdf
163,Petco #348,9459537,June (invoice #170015),Petco__348_9459537_20260617_photo_1_1781714427219.jpg|Petco__348_9459537_20260617_photo_2_1781714427219.jpg|Petco__348_9459537_20260617_photo_3_1781714427219.jpg,Petco__348_9459537_20260617_photo_1_1781714427219.jpg|Petco__348_9459537_20260617_photo_2_1781714427219.jpg|Petco__348_9459537_20260617_photo_3_1781714427219.jpg,False,True,
164,Petco #348,227278,June (invoice #170015),Petco__348_227278_20260617_photo_1_1781714540414.jpg|Petco__348_227278_20260617_photo_2_1781714540414.jpg|Petco__348_227278_20260617_photo_3_1781714540414.jpg,Petco__348_9459537_20260617_photo_2_1781714169548.jpg|Petco__348_227278_20260617_photo_1_1781714540414.jpg|Petco__348_227278_20260617_photo_2_1781714540414.jpg|Petco__348_227278_20260617_photo_3_1781714540414.jpg,True,True,Petco__348_227278_20260617_1781714540414_CORRECTED_20260826.pdf
165,Safeway Northern California #1932,309094,June (invoice #170015),Safeway_Northern_California__1_309094_20260617_photo_1_1781715834367.jpg|Safeway_Northern_California__1_309094_20260617_photo_2_1781715834367.jpg|Safeway_Northern_California__1_309094_20260617_photo_3_1781715834367.jpg,Safeway_Northern_California__1_309094_20260617_photo_1_1781715834367.jpg|Safeway_Northern_California__1_309094_20260617_photo_2_1781715834367.jpg|Safeway_Northern_California__1_309094_20260617_photo_3_1781715834367.jpg,False,True,
166,Safeway Northern California #1932,295397,June (invoice #170015),Safeway_Northern_California__1_295397_20260617_photo_1_1781716418130.jpg|Safeway_Northern_California__1_295397_20260617_photo_2_1781716418130.jpg,Safeway_Northern_California__1_295397_20260617_photo_1_1781716418130.jpg|Safeway_Northern_California__1_295397_20260617_photo_2_1781716418130.jpg,False,True,
167,PetSmart US #2715,270575,June (invoice #170015),PetSmart_US__2715_270575_20260617_photo_1_1781717471852.jpg|PetSmart_US__2715_270575_20260617_photo_2_1781717471852.jpg|PetSmart_US__2715_270575_20260617_photo_3_1781717471852.jpg|PetSmart_US__2715_270575_20260617_photo_4_1781717471852.jpg,PetSmart_US__2715_270575_20260617_photo_1_1781717471852.jpg|PetSmart_US__2715_270575_20260617_photo_3_1781717471852.jpg,True,True,
168,PetSmart US #2715,303122,June (invoice #170015),PetSmart_US__2715_303122_20260617_photo_1_1781717648438.jpg,PetSmart_US__2715_270575_20260617_photo_2_1781717471852.jpg|PetSmart_US__2715_303122_20260617_photo_1_1781717648438.jpg,True,True,PetSmart_US__2715_303122_20260617_1781717648438_CORRECTED_20260826.pdf
169,PetSmart US #2715,270566,June (invoice #170015),PetSmart_US__2715_270566_20260617_photo_1_1781717917374.jpg|PetSmart_US__2715_270566_20260617_photo_2_1781717917374.jpg,PetSmart_US__2715_270575_20260617_photo_4_1781717471852.jpg|PetSmart_US__2715_270566_20260617_photo_1_1781717917374.jpg|PetSmart_US__2715_270566_20260617_photo_2_1781717917374.jpg,True,True,PetSmart_US__2715_270566_20260617_1781717917374_CORRECTED_20260826.pdf
170,PetSmart US #59,4815328,June (invoice #170015),PetSmart_US__59_4815328_20260617_photo_1_1781718903227.jpg|PetSmart_US__59_4815328_20260617_photo_2_1781718903227.jpg,PetSmart_US__59_4815328_20260617_photo_1_1781718903227.jpg|PetSmart_US__59_4815328_20260617_photo_2_1781718903227.jpg,False,True,
171,PetSmart US #59,4815328,June (invoice #170015),PetSmart_US__59_4815328_20260617_photo_1_1781719757049.jpg|PetSmart_US__59_4815328_20260617_photo_2_1781719757049.jpg,PetSmart_US__59_4815328_20260617_photo_1_1781719757049.jpg|PetSmart_US__59_4815328_20260617_photo_2_1781719757049.jpg,False,True,
172,PetSmart US #59,209611,June (invoice #170015),PetSmart_US__59_209611_20260617_photo_1_1781719984443.jpg|PetSmart_US__59_209611_20260617_photo_2_1781719984443.jpg,PetSmart_US__59_209611_20260617_photo_1_1781719984443.jpg|PetSmart_US__59_209611_20260617_photo_2_1781719984443.jpg,False,False,
173,Safeway Northern California #1953,304933,June (invoice #170015),Safeway_Northern_California__1_304933_20260617_photo_1_1781720879402.jpg|Safeway_Northern_California__1_304933_20260617_photo_2_1781720879402.jpg|Safeway_Northern_California__1_304933_20260617_photo_3_1781720879402.jpg,Safeway_Northern_California__1_304933_20260617_photo_2_1781720879402.jpg|Safeway_Northern_California__1_304933_20260617_photo_3_1781720879402.jpg,True,True,
174,Safeway Northern California #1953,304984,June (invoice #170015),Safeway_Northern_California__1_304984_20260617_photo_1_1781721128969.jpg,Safeway_Northern_California__1_304933_20260617_photo_1_1781720879402.jpg|Safeway_Northern_California__1_304984_20260617_photo_1_1781721128969.jpg,True,True,Safeway_Northern_California__1_304984_20260617_1781721128969_CORRECTED_20260826.pdf
175,Whole Foods Market #10547-DUN,11101263,June (invoice #170015),Whole_Foods_Market__10547_DUN_11101263_20260617_photo_1_1781722311817.jpg|Whole_Foods_Market__10547_DUN_11101263_20260617_photo_2_1781722311817.jpg,Whole_Foods_Market__10547_DUN_11101263_20260617_photo_1_1781722311817.jpg|Whole_Foods_Market__10547_DUN_11101263_20260617_photo_2_1781722311817.jpg,False,False,
176,Target #328,10540852,June (invoice #170015),Target__328_10540852_20260617_photo_1_1781723602416.jpg|Target__328_10540852_20260617_photo_2_1781723602416.jpg|Target__328_10540852_20260617_photo_3_1781723602416.jpg,Target__328_10540852_20260617_photo_1_1781723602416.jpg|Target__328_10540852_20260617_photo_2_1781723602416.jpg|Target__328_10540852_20260617_photo_3_1781723602416.jpg,False,False,
177,Safeway Northern California #1953,304933,June (invoice #170015),Safeway_Northern_California__1_304933_20260617_photo_1_1781724043895.jpg|Safeway_Northern_California__1_304933_20260617_photo_2_1781724043895.jpg|Safeway_Northern_California__1_304933_20260617_photo_3_1781724043895.jpg,Safeway_Northern_California__1_304933_20260617_photo_1_1781724043895.jpg|Safeway_Northern_California__1_304933_20260617_photo_2_1781724043895.jpg|Safeway_Northern_California__1_304933_20260617_photo_3_1781724043895.jpg,False,False,
178,Safeway Northern California #1257,304999,June (invoice #170015),Safeway_Northern_California__1_304999_20260617_photo_1_1781725979449.jpg|Safeway_Northern_California__1_304999_20260617_photo_2_1781725979449.jpg|Safeway_Northern_California__1_304999_20260617_photo_3_1781725979449.jpg|Safeway_Northern_California__1_304999_20260617_photo_4_1781725979449.jpg,Safeway_Northern_California__1_304999_20260617_photo_1_1781725979449.jpg|Safeway_Northern_California__1_304999_20260617_photo_3_1781725979449.jpg|Safeway_Northern_California__1_304999_20260617_photo_4_1781725979449.jpg,True,True,
179,Safeway Northern California #1257,304999,June (invoice #170015),Safeway_Northern_California__1_304999_20260617_photo_1_1781726532222.jpg,Safeway_Northern_California__1_304999_20260617_photo_1_1781726532222.jpg,False,False,
180,Safeway Northern California #969,305983,June (invoice #170015),Safeway_Northern_California__9_305983_20260617_photo_1_1781726720430.jpg|Safeway_Northern_California__9_305983_20260617_photo_2_1781726720430.jpg,Safeway_Northern_California__1_309097_20260731_photo_1_1785458157526.jpg|Safeway_Northern_California__9_305983_20260617_photo_1_1781726720430.jpg|Safeway_Northern_California__9_305983_20260617_photo_2_1781726720430.jpg,True,True,Safeway_Northern_California__9_305983_20260617_1781726720430_CORRECTED_20260826.pdf
181,Safeway Northern California #1257,305415,June (invoice #170015),Safeway_Northern_California__1_305415_20260617_photo_1_1781726845594.jpg|Safeway_Northern_California__1_305415_20260617_photo_2_1781726845594.jpg,Safeway_Northern_California__1_304999_20260617_photo_2_1781725979449.jpg|Safeway_Northern_California__1_305415_20260617_photo_1_1781726845594.jpg|Safeway_Northern_California__1_305415_20260617_photo_2_1781726845594.jpg,True,True,Safeway_Northern_California__1_305415_20260617_1781726845594_CORRECTED_20260826.pdf
182,Petco #1337,312351,June (invoice #170015),Petco__1337_312351_20260617_photo_1_1781727294163.jpg|Petco__1337_312351_20260617_photo_2_1781727294163.jpg|Petco__1337_312351_20260617_photo_3_1781727294163.jpg|Petco__1337_312351_20260617_photo_4_1781727294163.jpg|Petco__1337_312351_20260617_photo_5_1781727294163.jpg,Petco__1337_312351_20260617_photo_1_1781727294163.jpg|Petco__1337_312351_20260617_photo_3_1781727294163.jpg|Petco__1337_312351_20260617_photo_4_1781727294163.jpg|Petco__1337_312351_20260617_photo_5_1781727294163.jpg,True,True,
183,Petco #1337,242463,June (invoice #170015),Petco__1337_242463_20260617_photo_1_1781727516381.jpg|Petco__1337_242463_20260617_photo_2_1781727516381.jpg|Petco__1337_242463_20260617_photo_3_1781727516381.jpg,Petco__1337_312351_20260617_photo_2_1781727294163.jpg|Petco__1337_242463_20260617_photo_1_1781727516381.jpg|Petco__1337_242463_20260617_photo_2_1781727516381.jpg|Petco__1337_242463_20260617_photo_3_1781727516381.jpg,True,True,Petco__1337_242463_20260617_1781727516381_CORRECTED_20260826.pdf
184,Petco #1337,242462,June (invoice #170015),Petco__1337_242462_20260617_photo_1_1781727739252.jpg,Petco__1337_242462_20260617_photo_1_1781727739252.jpg,False,False,
185,Unleashed By Petco #5301,191641,June (invoice #170015),Unleashed_By_Petco__5301_191641_20260625_photo_1_1782409220832.jpg|Unleashed_By_Petco__5301_191641_20260625_photo_2_1782409220832.jpg|Unleashed_By_Petco__5301_191641_20260625_photo_3_1782409220832.jpg|Unleashed_By_Petco__5301_191641_20260625_photo_4_1782409220832.jpg,Unleashed_By_Petco__5301_191641_20260625_photo_2_1782409220832.jpg|Unleashed_By_Petco__5301_191641_20260625_photo_3_1782409220832.jpg|Unleashed_By_Petco__5301_191641_20260625_photo_4_1782409220832.jpg,True,True,
186,Unleashed By Petco #5301,243603,June (invoice #170015),Unleashed_By_Petco__5301_243603_20260625_photo_1_1782409482798.jpg|Unleashed_By_Petco__5301_243603_20260625_photo_2_1782409482798.jpg,Unleashed_By_Petco__5301_191641_20260625_photo_1_1782409220832.jpg|Unleashed_By_Petco__5301_243603_20260625_photo_1_1782409482798.jpg|Unleashed_By_Petco__5301_243603_20260625_photo_2_1782409482798.jpg,True,True,Unleashed_By_Petco__5301_243603_20260625_1782409482798_CORRECTED_20260826.pdf
187,Nugget Market #5,10108991,June (invoice #170015),Nugget_Market__5_10108991_20260625_photo_1_1782410076059.jpg|Nugget_Market__5_10108991_20260625_photo_2_1782410076059.jpg,Nugget_Market__5_10108991_20260625_photo_1_1782410076059.jpg|Nugget_Market__5_10108991_20260625_photo_2_1782410076059.jpg,False,True,
188,Incredible Pets #2401392,10186474,June (invoice #170015),Incredible_Pets__2401392_10186474_20260625_photo_1_1782410874035.jpg|Incredible_Pets__2401392_10186474_20260625_photo_2_1782410874035.jpg|Incredible_Pets__2401392_10186474_20260625_photo_3_1782410874035.jpg|Incredible_Pets__2401392_10186474_20260625_photo_4_1782410874035.jpg|Incredible_Pets__2401392_10186474_20260625_photo_5_1782410874035.jpg,Incredible_Pets__2401392_10186474_20260625_photo_1_1782410874035.jpg|Incredible_Pets__2401392_10186474_20260625_photo_2_1782410874035.jpg|Incredible_Pets__2401392_10186474_20260625_photo_3_1782410874035.jpg|Incredible_Pets__2401392_10186474_20260625_photo_4_1782410874035.jpg|Incredible_Pets__2401392_10186474_20260625_photo_5_1782410874035.jpg,False,False,
189,Food Maxx #488,10523828,June (invoice #170015),Food_Maxx__488_10523828_20260625_photo_1_1782411890442.jpg|Food_Maxx__488_10523828_20260625_photo_2_1782411890442.jpg|Food_Maxx__488_10523828_20260625_photo_3_1782411890442.jpg,Food_Maxx__488_10523828_20260625_photo_1_1782411890442.jpg|Food_Maxx__488_10523828_20260625_photo_2_1782411890442.jpg|Food_Maxx__488_10523828_20260625_photo_3_1782411890442.jpg,False,True,
190,Food Maxx #488,10512609-1,June (invoice #170015),,,False,True,
191,Food Maxx #488,10512609-1,June (invoice #170015),Food_Maxx__488_10512609-1_20260625_photo_1_1782412010180.jpg|Food_Maxx__488_10512609-1_20260625_photo_2_1782412010180.jpg,Food_Maxx__488_10512609-1_20260625_photo_1_1782412010180.jpg|Food_Maxx__488_10512609-1_20260625_photo_2_1782412010180.jpg,False,True,
192,Bel-Air #506,9335627,June (invoice #170015),,,False,True,
193,Bel-Air #514,10737505,June (invoice #170015),Bel_Air__514_10737505_20260625_photo_1_1782413231845.jpg|Bel_Air__514_10737505_20260625_photo_2_1782413231845.jpg,Bel_Air__514_10737505_20260625_photo_1_1782413231845.jpg|Bel_Air__514_10737505_20260625_photo_2_1782413231845.jpg,False,True,
194,Bel-Air #514,10720811,June (invoice #170015),Bel_Air__514_10720811_20260625_photo_1_1782413654370.jpg|Bel_Air__514_10720811_20260625_photo_2_1782413654370.jpg,Bel_Air__514_10720811_20260625_photo_1_1782413654370.jpg|Bel_Air__514_10720811_20260625_photo_2_1782413654370.jpg,False,True,
195,Raleys Internet Store #406,8734060,June (invoice #170015),Raleys_Internet_Store__406_8734060_20260625_photo_1_1782414374855.jpg,Raleys_Internet_Store__406_8734060_20260625_photo_1_1782414374855.jpg,False,True,
196,Raleys #415,9716897,June (invoice #170015),Raleys__415_9716897_20260625_photo_1_1782415188960.jpg|Raleys__415_9716897_20260625_photo_2_1782415188960.jpg,Raleys__415_9716897_20260625_photo_1_1782415188960.jpg|Raleys__415_9716897_20260625_photo_2_1782415188960.jpg,False,False,
197,Raleys #415,10115005,June (invoice #170015),Raleys__415_10115005_20260625_photo_1_1782415366141.jpg|Raleys__415_10115005_20260625_photo_2_1782415366141.jpg,Raleys__415_10115005_20260625_photo_1_1782415366141.jpg|Raleys__415_10115005_20260625_photo_2_1782415366141.jpg,False,True,
198,Pets Paradise,5022149,June (invoice #170015),Pets_Paradise_5022149_20260625_photo_1_1782415797783.jpg,Pets_Paradise_5022149_20260625_photo_1_1782415797783.jpg,False,True,
199,PetSmart US #2466,194256,June (invoice #170015),PetSmart_US__2466_194256_20260625_photo_1_1782416984602.jpg|PetSmart_US__2466_194256_20260625_photo_2_1782416984602.jpg,PetSmart_US__2466_194256_20260625_photo_1_1782416984602.jpg|PetSmart_US__2466_194256_20260625_photo_2_1782416984602.jpg,False,False,
200,PetSmart US #2466,205259,June (invoice #170015),PetSmart_US__2466_205259_20260625_photo_1_1782417642191.jpg|PetSmart_US__2466_205259_20260625_photo_2_1782417642191.jpg|PetSmart_US__2466_205259_20260625_photo_3_1782417642191.jpg,PetSmart_US__2466_205259_20260625_photo_1_1782417642191.jpg|PetSmart_US__2466_205259_20260625_photo_2_1782417642191.jpg|PetSmart_US__2466_205259_20260625_photo_3_1782417642191.jpg,False,False,
201,Walmart US #2735,300025,June (invoice #170015),Walmart_US__2735_300025_20260625_photo_1_1782418524881.jpg|Walmart_US__2735_300025_20260625_photo_2_1782418524881.jpg|Walmart_US__2735_300025_20260625_photo_3_1782418524881.jpg,Walmart_US__2735_300025_20260625_photo_1_1782418524881.jpg|Walmart_US__2735_300025_20260625_photo_3_1782418524881.jpg,True,True,
202,Walmart US #2464,300027,June (invoice #170015),Walmart_US__2464_300027_20260625_photo_1_1782418585734.jpg|Walmart_US__2464_300027_20260625_photo_2_1782418585734.jpg|Walmart_US__2464_300027_20260625_photo_3_1782418585734.jpg,Walmart_US__2735_300025_20260625_photo_2_1782418524881.jpg|Walmart_US__2464_300027_20260625_photo_1_1782418585734.jpg|Walmart_US__2464_300027_20260625_photo_2_1782418585734.jpg|Walmart_US__2464_300027_20260625_photo_3_1782418585734.jpg,True,True,Walmart_US__2464_300027_20260625_1782418585734_CORRECTED_20260826.pdf
203,Walmart US #2735,300025,June (invoice #170015),Walmart_US__2735_300025_20260625_photo_1_1782418727749.jpg|Walmart_US__2735_300025_20260625_photo_2_1782418727749.jpg|Walmart_US__2735_300025_20260625_photo_3_1782418727749.jpg,Walmart_US__2735_300025_20260625_photo_1_1782418727749.jpg|Walmart_US__2735_300025_20260625_photo_2_1782418727749.jpg|Walmart_US__2735_300025_20260625_photo_3_1782418727749.jpg,False,True,
204,Target #1527,10567883,June (invoice #170015),Target__1527_10567883_20260625_photo_1_1782419925179.jpg|Target__1527_10567883_20260625_photo_2_1782419925179.jpg,Target__1527_10567883_20260625_photo_1_1782419925179.jpg|Target__1527_10567883_20260625_photo_2_1782419925179.jpg,False,False,
205,Target #1527,9465105,June (invoice #170015),Target__1527_9465105_20260625_photo_1_1782420340303.jpg|Target__1527_9465105_20260625_photo_2_1782420340303.jpg,Target__1527_9465105_20260625_photo_1_1782420340303.jpg|Target__1527_9465105_20260625_photo_2_1782420340303.jpg,False,False,
206,Petsmart US #2237,M032650,June (invoice #170015),Petsmart_US__2237_M032650_20260625_photo_1_1782422347851.jpg|Petsmart_US__2237_M032650_20260625_photo_2_1782422347851.jpg,Petsmart_US__2237_281234_20260625_photo_2_1782422963174.jpg|Petsmart_US__2237_M032650_20260625_photo_2_1782422347851.jpg,True,True,Petsmart_US__2237_M032650_20260625_1782422347851_CORRECTED_20260826.pdf
207,Petsmart US #2237,281234,June (invoice #170015),Petsmart_US__2237_281234_20260625_photo_1_1782422726953.jpg|Petsmart_US__2237_281234_20260625_photo_2_1782422726953.jpg,Petsmart_US__2237_M032650_20260625_photo_1_1782422347851.jpg|Petsmart_US__2237_281234_20260625_photo_2_1782422726953.jpg,True,True,Petsmart_US__2237_281234_20260625_1782422726953_CORRECTED_20260826.pdf
208,Petsmart US #2237,281234,June (invoice #170015),Petsmart_US__2237_281234_20260625_photo_1_1782422963174.jpg|Petsmart_US__2237_281234_20260625_photo_2_1782422963174.jpg,Petsmart_US__2237_281234_20260625_photo_1_1782422963174.jpg,True,True,
209,Petsmart US #2237,298990,June (invoice #170015),Petsmart_US__2237_298990_20260625_photo_1_1782423109738.jpg|Petsmart_US__2237_298990_20260625_photo_2_1782423109738.jpg,Petsmart_US__2237_281234_20260625_photo_1_1782422726953.jpg|Petsmart_US__2237_298990_20260625_photo_1_1782423109738.jpg|Petsmart_US__2237_298990_20260625_photo_2_1782423109738.jpg,True,True,Petsmart_US__2237_298990_20260625_1782423109738_CORRECTED_20260826.pdf
210,Foods Co #532,11162207,June (invoice #170015),Foods_Co__532_11162207_20260625_photo_1_1782424447704.jpg|Foods_Co__532_11162207_20260625_photo_2_1782424447704.jpg,Foods_Co__532_11162207_20260625_photo_1_1782424447704.jpg,True,True,
211,Foods Co #532,10715415,June (invoice #170015),Foods_Co__532_10715415_20260625_photo_1_1782424610390.jpg|Foods_Co__532_10715415_20260625_photo_2_1782424610390.jpg,Foods_Co__532_11162207_20260625_photo_2_1782424447704.jpg|Foods_Co__532_10715415_20260625_photo_1_1782424610390.jpg|Foods_Co__532_10715415_20260625_photo_2_1782424610390.jpg,True,True,Foods_Co__532_10715415_20260625_1782424610390_CORRECTED_20260826.pdf
212,Food Maxx #464,11177388,June (invoice #170015),Food_Maxx__464_11177388_20260625_photo_1_1782425029870.jpg|Food_Maxx__464_11177388_20260625_photo_2_1782425029870.jpg|Food_Maxx__464_11177388_20260625_photo_3_1782425029870.jpg,Food_Maxx__464_11177388_20260625_photo_1_1782425029870.jpg|Food_Maxx__464_11177388_20260625_photo_2_1782425029870.jpg|Food_Maxx__464_11177388_20260625_photo_3_1782425029870.jpg,False,True,
213,Costco #464,317018,June (invoice #170015),Costco__464_317018_20260625_photo_1_1782426809636.jpg|Costco__464_317018_20260625_photo_2_1782426809636.jpg|Costco__464_317018_20260625_photo_3_1782426809636.jpg,Costco__464_317018_20260625_photo_1_1782426809636.jpg|Costco__464_317018_20260625_photo_2_1782426809636.jpg|Costco__464_317018_20260625_photo_3_1782426809636.jpg,False,True,
214,Sam's Club #6622,M158107,June (invoice #170015),Sam_s_Club__6622_M158107_20260625_photo_1_1782428322633.jpg|Sam_s_Club__6622_M158107_20260625_photo_2_1782428322633.jpg,Sam_s_Club__6622_M158107_20260625_photo_1_1782428322633.jpg|Sam_s_Club__6622_M158107_20260625_photo_2_1782428322633.jpg,False,False,
215,Save Mart #619,10892472,June (invoice #170015),Save_Mart__619_10892472_20260625_photo_1_1782429309113.jpg,Save_Mart__619_10892472_20260625_photo_1_1782429309113.jpg,False,True,
216,Save Mart #619,10905317,June (invoice #170015),Save_Mart__619_10905317_20260625_photo_1_1782429360563.jpg,Save_Mart__619_10905317_20260625_photo_1_1782429360563.jpg,False,True,
217,Foods Co #371,11162213,June (invoice #170015),Foods_Co__371_11162213_20260625_photo_1_1782430159745.jpg,Foods_Co__371_11162213_20260625_photo_1_1782430159745.jpg,False,True,
218,Walmart US #3081,9659069,June (invoice #170015),Walmart_US__3081_9659069_20260625_photo_1_1782430263536.jpg|Walmart_US__3081_9659069_20260625_photo_3_1782430263536.jpg,Walmart_US__3081_9659069_20260625_photo_1_1782430263536.jpg|Walmart_US__3081_9659069_20260625_photo_3_1782430263536.jpg,False,True,
219,Safeway Northern California #1289,304909,June (invoice #170015),Safeway_Northern_California__1_304909_20260625_photo_1_1782431217527.jpg|Safeway_Northern_California__1_304909_20260625_photo_2_1782431217527.jpg,Safeway_Northern_California__1_304909_20260625_photo_1_1782431217527.jpg|Safeway_Northern_California__1_304909_20260625_photo_2_1782431217527.jpg,False,False,
220,Safeway Northern California #1289,307937,June (invoice #170015),Safeway_Northern_California__1_307937_20260625_photo_1_1782431559847.jpg|Safeway_Northern_California__1_307937_20260625_photo_2_1782431559847.jpg,Safeway_Northern_California__1_307937_20260625_photo_1_1782431559847.jpg|Safeway_Northern_California__1_307937_20260625_photo_2_1782431559847.jpg,False,False,
221,Save Mart #623,10902755,June (invoice #170015),Save_Mart__623_10902755_20260626_photo_1_1782433233681.jpg|Save_Mart__623_10902755_20260626_photo_2_1782433233681.jpg|Save_Mart__623_10902755_20260626_photo_3_1782433233681.jpg|Save_Mart__623_10902755_20260626_photo_4_1782433233681.jpg,Save_Mart__623_10902755_20260626_photo_2_1782433233681.jpg|Save_Mart__623_10902755_20260626_photo_3_1782433233681.jpg|Save_Mart__623_10902755_20260626_photo_4_1782433233681.jpg,True,True,
222,Save Mart #623,10592273,June (invoice #170015),Save_Mart__623_10592273_20260626_photo_1_1782433411131.jpg|Save_Mart__623_10592273_20260626_photo_2_1782433411131.jpg,Save_Mart__623_10902755_20260626_photo_1_1782433233681.jpg|Save_Mart__623_10592273_20260626_photo_1_1782433411131.jpg|Save_Mart__623_10592273_20260626_photo_2_1782433411131.jpg,True,True,Save_Mart__623_10592273_20260626_1782433411131_CORRECTED_20260826.pdf
223,Raley's #420,10118660,June (invoice #170015),Raley_s__420_10118660_20260626_photo_1_1782434057997.jpg|Raley_s__420_10118660_20260626_photo_2_1782434057997.jpg,Raley_s__420_10118660_20260626_photo_1_1782434057997.jpg,True,True,
224,Raley's #420,10118661,June (invoice #170015),Raley_s__420_10118661_20260626_photo_1_1782434326401.jpg|Raley_s__420_10118661_20260626_photo_2_1782434326401.jpg,Raley_s__420_10118660_20260626_photo_2_1782434057997.jpg|Raley_s__420_10118661_20260626_photo_1_1782434326401.jpg|Raley_s__420_10118661_20260626_photo_2_1782434326401.jpg,True,True,Raley_s__420_10118661_20260626_1782434326401_CORRECTED_20260826.pdf
225,Unleashed by Petco #5304,240762,June (invoice #170015),Unleashed_by_Petco__5304_240762_20260626_photo_1_1782435445761.jpg|Unleashed_by_Petco__5304_240762_20260626_photo_2_1782435445761.jpg,Unleashed_by_Petco__5304_240762_20260626_photo_1_1782435445761.jpg|Unleashed_by_Petco__5304_240762_20260626_photo_2_1782435445761.jpg,False,False,
226,Whole Foods Market #10152-ARD,9527431,June (invoice #170015),Whole_Foods_Market__10152_ARD_9527431_20260626_photo_1_1782435997929.jpg|Whole_Foods_Market__10152_ARD_9527431_20260626_photo_2_1782435997929.jpg,Whole_Foods_Market__10152_ARD_9527431_20260626_photo_1_1782435997929.jpg|Whole_Foods_Market__10152_ARD_9527431_20260626_photo_2_1782435997929.jpg,False,False,
227,Bel-Air #502,263144,June (invoice #170015),Bel_Air__502_263144_20260626_photo_1_1782436323947.jpg|Bel_Air__502_263144_20260626_photo_2_1782436323947.jpg|Bel_Air__502_263144_20260626_photo_3_1782436323947.jpg,Bel_Air__502_263144_20260626_photo_1_1782436323947.jpg|Bel_Air__502_263144_20260626_photo_2_1782436323947.jpg|Bel_Air__502_263144_20260626_photo_3_1782436323947.jpg,False,True,
228,Save Mart #625,11236882,June (invoice #170015),Save_Mart__625_11236882_20260626_photo_1_1782437040262.jpg|Save_Mart__625_11236882_20260626_photo_2_1782437040262.jpg|Save_Mart__625_11236882_20260626_photo_3_1782437040262.jpg,Save_Mart__625_11236882_20260626_photo_1_1782437040262.jpg|Save_Mart__625_11236882_20260626_photo_2_1782437040262.jpg|Save_Mart__625_11236882_20260626_photo_3_1782437040262.jpg,False,False,
229,Save Mart #625,11236883,June (invoice #170015),Save_Mart__625_11236883_20260626_photo_1_1782437340306.jpg|Save_Mart__625_11236883_20260626_photo_2_1782437340306.jpg,Save_Mart__625_11236883_20260626_photo_1_1782437340306.jpg|Save_Mart__625_11236883_20260626_photo_2_1782437340306.jpg,False,False,
230,Target #312,9879091,June (invoice #170015),Target__312_9879091_20260626_photo_1_1782438377647.jpg|Target__312_9879091_20260626_photo_2_1782438377647.jpg,Target__312_9879091_20260626_photo_1_1782438377647.jpg|Target__312_9879091_20260626_photo_2_1782438377647.jpg,False,False,
231,Safeway Northern California #1530,305412,June (invoice #170015),Safeway_Northern_California__1_305412_20260626_photo_1_1782439360545.jpg|Safeway_Northern_California__1_305412_20260626_photo_2_1782439360545.jpg,Safeway_Northern_California__1_305412_20260626_photo_1_1782439360545.jpg|Safeway_Northern_California__1_305412_20260626_photo_2_1782439360545.jpg,False,False,
232,Safeway Northern California #1530,305435,June (invoice #170015),Safeway_Northern_California__1_305435_20260626_photo_1_1782439493191.jpg|Safeway_Northern_California__1_305435_20260626_photo_2_1782439493191.jpg|Safeway_Northern_California__1_305435_20260626_photo_3_1782439493191.jpg,Safeway_Northern_California__1_305435_20260626_photo_1_1782439493191.jpg|Safeway_Northern_California__1_305435_20260626_photo_2_1782439493191.jpg|Safeway_Northern_California__1_305435_20260626_photo_3_1782439493191.jpg,False,True,
233,Safeway #190,305000,June (invoice #170015),Safeway__190_305000_20260626_photo_1_1782440331799.jpg|Safeway__190_305000_20260626_photo_2_1782440331799.jpg,Safeway__190_305000_20260626_photo_1_1782440331799.jpg|Safeway__190_305000_20260626_photo_2_1782440331799.jpg,False,False,
234,Raleys #435,9637973,June (invoice #170015),Raleys__435_9637973_20260626_photo_1_1782440823662.jpg|Raleys__435_9637973_20260626_photo_2_1782440823662.jpg,Raleys__435_9637973_20260626_photo_1_1782440823662.jpg|Raleys__435_9637973_20260626_photo_2_1782440823662.jpg,False,False,
235,PetSmart US #50,208769,June (invoice #170015),PetSmart_US__50_208769_20260626_photo_1_1782441763978.jpg|PetSmart_US__50_208769_20260626_photo_2_1782441763978.jpg|PetSmart_US__50_208769_20260626_photo_3_1782441763978.jpg,PetSmart_US__50_208769_20260626_photo_1_1782441763978.jpg|PetSmart_US__50_208769_20260626_photo_3_1782441763978.jpg,True,True,
236,PetSmart US #50,281173,June (invoice #170015),PetSmart_US__50_281173_20260626_photo_1_1782441876658.jpg|PetSmart_US__50_281173_20260626_photo_2_1782441876658.jpg,PetSmart_US__50_208769_20260626_photo_2_1782441763978.jpg|PetSmart_US__50_281173_20260626_photo_1_1782441876658.jpg|PetSmart_US__50_281173_20260626_photo_2_1782441876658.jpg,True,True,PetSmart_US__50_281173_20260626_1782441876658_CORRECTED_20260826.pdf
237,PetSmart US #50,281183,June (invoice #170015),PetSmart_US__50_281183_20260626_photo_1_1782442203273.jpg|PetSmart_US__50_281183_20260626_photo_2_1782442203273.jpg|PetSmart_US__50_281183_20260626_photo_3_1782442203273.jpg,PetSmart_US__50_281183_20260626_photo_1_1782442203273.jpg|PetSmart_US__50_281183_20260626_photo_2_1782442203273.jpg|PetSmart_US__50_281183_20260626_photo_3_1782442203273.jpg,False,True,
238,Bel-Air #510,9330809,June (invoice #170015),Bel_Air__510_9330809_20260626_photo_1_1782496750164.jpg|Bel_Air__510_9330809_20260626_photo_2_1782496750164.jpg,Bel_Air__510_9330809_20260626_photo_1_1782496750164.jpg|Bel_Air__510_9330809_20260626_photo_2_1782496750164.jpg,False,True,
239,PetSmart US #53,272474,June (invoice #170015),PetSmart_US__53_272474_20260626_photo_1_1782497706877.jpg|PetSmart_US__53_272474_20260626_photo_2_1782497706877.jpg,PetSmart_US__53_272474_20260626_photo_1_1782497706877.jpg|PetSmart_US__53_272474_20260626_photo_2_1782497706877.jpg,False,False,
240,PetSmart US #53,207944,June (invoice #170015),PetSmart_US__53_207944_20260626_photo_1_1782497740752.jpg|PetSmart_US__53_207944_20260626_photo_2_1782497740752.jpg,PetSmart_US__53_272475_20260626_photo_1_1782497954722.jpg|PetSmart_US__53_207944_20260626_photo_2_1782497740752.jpg,True,True,PetSmart_US__53_207944_20260626_1782497740752_CORRECTED_20260826.pdf
241,PetSmart US #53,272475,June (invoice #170015),PetSmart_US__53_272475_20260626_photo_1_1782497954722.jpg|PetSmart_US__53_272475_20260626_photo_2_1782497954722.jpg,PetSmart_US__53_207944_20260626_photo_1_1782497740752.jpg|PetSmart_US__53_272475_20260626_photo_2_1782497954722.jpg,True,True,PetSmart_US__53_272475_20260626_1782497954722_CORRECTED_20260826.pdf
242,Target #2115,9600689,June (invoice #170015),Target__2115_9600689_20260626_photo_1_1782498830002.jpg|Target__2115_9600689_20260626_photo_2_1782498830002.jpg|Target__2115_9600689_20260626_photo_3_1782498830002.jpg,Target__2115_9600689_20260626_photo_1_1782498830002.jpg|Target__2115_9600689_20260626_photo_2_1782498830002.jpg|Target__2115_9600689_20260626_photo_3_1782498830002.jpg,False,False,
243,Foods Co #355,11162181,June (invoice #170015),Foods_Co__355_11162181_20260626_photo_1_1782499816822.jpg|Foods_Co__355_11162181_20260626_photo_2_1782499816822.jpg|Foods_Co__355_11162181_20260626_photo_3_1782499816822.jpg,Foods_Co__355_11162181_20260626_photo_1_1782499816822.jpg|Foods_Co__355_11162181_20260626_photo_2_1782499816822.jpg|Foods_Co__355_11162181_20260626_photo_3_1782499816822.jpg,False,False,
244,Costco #1674,10779205,June (invoice #170015),Costco__1674_10779205_20260626_photo_1_1782501360410.jpg|Costco__1674_10779205_20260626_photo_2_1782501360410.jpg|Costco__1674_10779205_20260626_photo_3_1782501360410.jpg,Costco__1674_10779205_20260626_photo_1_1782501360410.jpg|Costco__1674_10779205_20260626_photo_2_1782501360410.jpg|Costco__1674_10779205_20260626_photo_3_1782501360410.jpg,False,True,
245,Bel-Air #528,9330788,June (invoice #170015),Bel_Air__528_9330788_20260626_photo_1_1782502060792.jpg|Bel_Air__528_9330788_20260626_photo_2_1782502060792.jpg,Bel_Air__528_9330788_20260626_photo_1_1782502060792.jpg|Bel_Air__528_9330788_20260626_photo_2_1782502060792.jpg,False,False,
246,Bel-Air #528,10733462,June (invoice #170015),Bel_Air__528_10733462_20260626_photo_1_1782502339029.jpg|Bel_Air__528_10733462_20260626_photo_2_1782502339029.jpg,Bel_Air__528_10733462_20260626_photo_1_1782502339029.jpg|Bel_Air__528_10733462_20260626_photo_2_1782502339029.jpg,False,False,
247,Safeway Northern California #2697,311455,June (invoice #170015),Safeway_Northern_California__2_311455_20260626_photo_1_1782503283153.jpg|Safeway_Northern_California__2_311455_20260626_photo_2_1782503283153.jpg,Safeway_Northern_California__2_309775_20260626_photo_1_1782503388136.jpg|Safeway_Northern_California__2_311455_20260626_photo_2_1782503283153.jpg,True,True,Safeway_Northern_California__2_311455_20260626_1782503283153_CORRECTED_20260826.pdf
248,Safeway Northern California #2697,309775,June (invoice #170015),Safeway_Northern_California__2_309775_20260626_photo_1_1782503388136.jpg|Safeway_Northern_California__2_309775_20260626_photo_2_1782503388136.jpg,Safeway_Northern_California__2_311455_20260626_photo_1_1782503283153.jpg|Safeway_Northern_California__2_309775_20260626_photo_2_1782503388136.jpg,True,True,Safeway_Northern_California__2_309775_20260626_1782503388136_CORRECTED_20260826.pdf
249,Raley's #447,10737453,June (invoice #170015),Raley_s__447_10737453_20260626_photo_1_1782503940417.jpg|Raley_s__447_10737453_20260626_photo_2_1782503940417.jpg,Raley_s__447_9330807_20260626_photo_1_1782504200571.jpg|Raley_s__447_10737453_20260626_photo_2_1782503940417.jpg,True,True,Raley_s__447_10737453_20260626_1782503940417_CORRECTED_20260826.pdf
250,Raley's #447,9330807,June (invoice #170015),Raley_s__447_9330807_20260626_photo_1_1782504200571.jpg,Raley_s__447_10737453_20260626_photo_1_1782503940417.jpg,True,True,Raley_s__447_9330807_20260626_1782504200571_CORRECTED_20260826.pdf
251,Viva Supermarket #1,9212059,June (invoice #170015),Viva_Supermarket__1_9212059_20260626_photo_1_1782505168338.jpg,Viva_Supermarket__1_9212059_20260626_photo_1_1782505168338.jpg,False,True,
252,Petco #371,383960515,June (invoice #170015),Petco__371_383960515_20260626_photo_1_1782508943965.jpg|Petco__371_383960515_20260626_photo_2_1782508943965.jpg,Petco__371_383960515_20260626_photo_2_1782508943965.jpg,True,True,
253,Petco #371,226509,June (invoice #170015),Petco__371_226509_20260626_photo_1_1782509007105.jpg|Petco__371_226509_20260626_photo_2_1782509007105.jpg,Petco__371_226509_20260626_photo_1_1782509007105.jpg|Petco__371_226509_20260626_photo_2_1782509007105.jpg,False,False,
254,Petco #371,298281,June (invoice #170015),Petco__371_298281_20260626_photo_1_1782509304621.jpg|Petco__371_298281_20260626_photo_2_1782509304621.jpg,Petco__371_383960515_20260626_photo_1_1782508943965.jpg|Petco__371_298281_20260626_photo_2_1782509304621.jpg,True,True,Petco__371_298281_20260626_1782509304621_CORRECTED_20260826.pdf
255,Petco #371,313290,June (invoice #170015),Petco__371_313290_20260626_photo_1_1782509351051.jpg|Petco__371_313290_20260626_photo_2_1782509351051.jpg,Petco__371_298281_20260626_photo_1_1782509304621.jpg|Petco__371_313290_20260626_photo_1_1782509351051.jpg|Petco__371_313290_20260626_photo_2_1782509351051.jpg,True,True,Petco__371_313290_20260626_1782509351051_CORRECTED_20260826.pdf
256,Costco #471,10702117,June (invoice #170015),Costco__471_10702117_20260626_photo_1_1782511017704.jpg|Costco__471_10702117_20260626_photo_2_1782511017704.jpg,Costco__471_10702117_20260626_photo_1_1782511017704.jpg|Costco__471_10702117_20260626_photo_2_1782511017704.jpg,False,True,
257,Western Feed,369995723,June (invoice #170015),Western_Feed_369995723_20260626_photo_1_1782512096886.jpg,Western_Feed_369995723_20260626_photo_1_1782512096886.jpg,False,True,
258,Safeway #2242,10646644,June (invoice #170015),Safeway__2242_10646644_20260626_photo_1_1782512674735.jpg|Safeway__2242_10646644_20260626_photo_2_1782512674735.jpg,Safeway__2242_10646644_20260626_photo_1_1782512674735.jpg|Safeway__2242_10646644_20260626_photo_2_1782512674735.jpg,False,False,
259,Safeway Northern California #2684,311967,June (invoice #170015),Safeway_Northern_California__2_311967_20260626_photo_1_1782513421113.jpg,Safeway_Northern_California__2_311967_20260626_photo_1_1782513421113.jpg,False,False,
260,Safeway Northern California #2684,311954,June (invoice #170015),Safeway_Northern_California__2_311954_20260626_photo_1_1782514051292.jpg|Safeway_Northern_California__2_311954_20260626_photo_2_1782514051292.jpg,Safeway_Northern_California__2_311954_20260626_photo_1_1782514051292.jpg|Safeway_Northern_California__2_311954_20260626_photo_2_1782514051292.jpg,False,False,
261,Target #310,10546296,June (invoice #170015),Target__310_10546296_20260626_photo_1_1782514468726.jpg|Target__310_10546296_20260626_photo_2_1782514468726.jpg|Target__310_10546296_20260626_photo_3_1782514468726.jpg,Target__310_10546296_20260626_photo_1_1782514468726.jpg|Target__310_10546296_20260626_photo_2_1782514468726.jpg|Target__310_10546296_20260626_photo_3_1782514468726.jpg,False,True,
262,Safeway #3013,309092,June (invoice #170015),Safeway__3013_309092_20260626_photo_1_1782515430848.jpg|Safeway__3013_309092_20260626_photo_2_1782515430848.jpg,Safeway__3013_309092_20260626_photo_1_1782515430848.jpg|Safeway__3013_309092_20260626_photo_2_1782515430848.jpg,False,False,
263,Pet Supplies Plus #4045,223088,June (invoice #170015),Pet_Supplies_Plus__4045_223088_20260626_photo_1_1782515539210.jpg|Pet_Supplies_Plus__4045_223088_20260626_photo_2_1782515539210.jpg|Pet_Supplies_Plus__4045_223088_20260626_photo_3_1782515539210.jpg,Pet_Supplies_Plus__4045_223088_20260626_photo_1_1782515539210.jpg|Pet_Supplies_Plus__4045_223088_20260626_photo_2_1782515539210.jpg|Pet_Supplies_Plus__4045_223088_20260626_photo_3_1782515539210.jpg,False,True,
264,Pet Supplies Plus #4045,223088,June (invoice #170015),Pet_Supplies_Plus__4045_223088_20260626_photo_1_1782515591541.jpg|Pet_Supplies_Plus__4045_223088_20260626_photo_2_1782515591541.jpg|Pet_Supplies_Plus__4045_223088_20260626_photo_3_1782515591541.jpg,Pet_Supplies_Plus__4045_223088_20260626_photo_1_1782515591541.jpg|Pet_Supplies_Plus__4045_223088_20260626_photo_2_1782515591541.jpg|Pet_Supplies_Plus__4045_223088_20260626_photo_3_1782515591541.jpg,False,True,
265,Target #2492,9325657,June (invoice #170015),Target__2492_9325657_20260626_photo_1_1782517035035.jpg|Target__2492_9325657_20260626_photo_2_1782517035035.jpg|Target__2492_9325657_20260626_photo_3_1782517035035.jpg,Target__2492_9325657_20260626_photo_1_1782517035035.jpg|Target__2492_9325657_20260626_photo_2_1782517035035.jpg|Target__2492_9325657_20260626_photo_3_1782517035035.jpg,False,False,
266,Food 4 Less #501,11162186,June (invoice #170015),Food_4_Less__501_11162186_20260627_photo_1_1782519802565.jpg,Food_4_Less__501_11162186_20260627_photo_1_1782519802565.jpg,False,True,
606,Target #2581,9153857,August (not yet invoiced),Target__2581_9153857_20260821_photo_1_1787341157858.jpg|Target__2581_9153857_20260821_photo_2_1787341157858.jpg,Target__2581_9153857_20260821_photo_1_1787341157858.jpg|Target__2581_9153857_20260821_photo_2_1787341157858.jpg,False,False,
607,Costco #148,313204,August (not yet invoiced),Costco__148_313204_20260821_photo_1_1787343034183.jpg|Costco__148_313204_20260821_photo_2_1787343034183.jpg,Costco__148_313204_20260821_photo_1_1787343034183.jpg|Costco__148_313204_20260821_photo_2_1787343034183.jpg,False,True,
608,Walmart US #4174,302471,August (not yet invoiced),Walmart_US__4174_302471_20260821_photo_1_1787344266299.jpg|Walmart_US__4174_302471_20260821_photo_2_1787344266299.jpg|Walmart_US__4174_302471_20260821_photo_3_1787344266299.jpg|Walmart_US__4174_302471_20260821_photo_4_1787344266299.jpg,Walmart_US__4174_302471_20260821_photo_1_1787344266299.jpg|Walmart_US__4174_302471_20260821_photo_2_1787344266299.jpg|Walmart_US__4174_302471_20260821_photo_3_1787344266299.jpg|Walmart_US__4174_302471_20260821_photo_4_1787344266299.jpg,False,False,
609,PetSmart US #1418,207645,August (not yet invoiced),PetSmart_US__1418_207645_20260821_photo_1_1787345535403.jpg|PetSmart_US__1418_207645_20260821_photo_2_1787345535403.jpg|PetSmart_US__1418_207645_20260821_photo_3_1787345535403.jpg|PetSmart_US__1418_207645_20260821_photo_4_1787345535403.jpg,PetSmart_US__1418_207645_20260821_photo_1_1787345535403.jpg|PetSmart_US__1418_207645_20260821_photo_3_1787345535403.jpg|PetSmart_US__1418_207645_20260821_photo_4_1787345535403.jpg,True,True,
610,PetSmart US #1418,278046,August (not yet invoiced),PetSmart_US__1418_278046_20260821_photo_1_1787345581584.jpg|PetSmart_US__1418_278046_20260821_photo_2_1787345581584.jpg,PetSmart_US__1418_272485_20260821_photo_1_1787346008249.jpg|PetSmart_US__1418_278046_20260821_photo_1_1787345581584.jpg|PetSmart_US__1418_278046_20260821_photo_2_1787345581584.jpg,True,True,PetSmart_US__1418_278046_20260821_1787345581584_CORRECTED_20260826.pdf
611,PetSmart US #1418,272485,August (not yet invoiced),PetSmart_US__1418_272485_20260821_photo_1_1787346008249.jpg|PetSmart_US__1418_272485_20260821_photo_2_1787346008249.jpg,PetSmart_US__1418_207645_20260821_photo_2_1787345535403.jpg|PetSmart_US__1418_272485_20260821_photo_2_1787346008249.jpg,True,True,PetSmart_US__1418_272485_20260821_1787346008249_CORRECTED_20260826.pdf
612,Target #2088,9879100,August (not yet invoiced),Target__2088_9879100_20260821_photo_1_1787346154848.jpg|Target__2088_9879100_20260821_photo_2_1787346154848.jpg,Target__2088_9879100_20260821_photo_1_1787346154848.jpg|Target__2088_9879100_20260821_photo_2_1787346154848.jpg,False,True,
613,Safeway Northern California #1476,304910,August (not yet invoiced),Safeway_Northern_California__1_304910_20260821_photo_1_1787347675292.jpg|Safeway_Northern_California__1_304910_20260821_photo_2_1787347675292.jpg|Safeway_Northern_California__1_304910_20260821_photo_3_1787347675292.jpg,Safeway_Northern_California__1_304910_20260821_photo_1_1787347675292.jpg|Safeway_Northern_California__1_304910_20260821_photo_2_1787347675292.jpg|Safeway_Northern_California__1_304910_20260821_photo_3_1787347675292.jpg,False,False,
614,Safeway Northern California #1476,305433,August (not yet invoiced),Safeway_Northern_California__1_305433_20260821_photo_1_1787348044925.jpg|Safeway_Northern_California__1_305433_20260821_photo_2_1787348044925.jpg,Safeway_Northern_California__1_305433_20260821_photo_1_1787348044925.jpg|Safeway_Northern_California__1_305433_20260821_photo_2_1787348044925.jpg,False,True,
615,Whole Foods Market #10259-ALM,10575727,August (not yet invoiced),Whole_Foods_Market__10259_ALM_10575727_20260821_photo_1_1787349075173.jpg,Whole_Foods_Market__10259_ALM_10575727_20260821_photo_1_1787349075173.jpg,False,False,
616,Safeway Northern California #2968,305003,August (not yet invoiced),Safeway_Northern_California__2_305003_20260821_photo_1_1787350174417.jpg|Safeway_Northern_California__2_305003_20260821_photo_2_1787350174417.jpg|Safeway_Northern_California__2_305003_20260821_photo_3_1787350174417.jpg,Safeway_Northern_California__2_305003_20260821_photo_1_1787350174417.jpg|Safeway_Northern_California__2_305003_20260821_photo_2_1787350174417.jpg|Safeway_Northern_California__2_305003_20260821_photo_3_1787350174417.jpg,False,False,
617,Safeway Northern California #2968,305431,August (not yet invoiced),Safeway_Northern_California__2_305431_20260821_photo_1_1787350420077.jpg|Safeway_Northern_California__2_305431_20260821_photo_2_1787350420077.jpg,Safeway_Northern_California__2_305431_20260821_photo_1_1787350420077.jpg|Safeway_Northern_California__2_305431_20260821_photo_2_1787350420077.jpg,False,False,
618,Food Maxx #460,10398057,August (not yet invoiced),Food_Maxx__460_10398057_20260821_photo_1_1787351692148.jpg|Food_Maxx__460_10398057_20260821_photo_2_1787351692148.jpg|Food_Maxx__460_10398057_20260821_photo_3_1787351692148.jpg,Food_Maxx__460_10521387_20260821_photo_1_1787351909130.jpg|Food_Maxx__460_10398057_20260821_photo_2_1787351692148.jpg|Food_Maxx__460_10398057_20260821_photo_3_1787351692148.jpg,True,True,Food_Maxx__460_10398057_20260821_1787351692148_CORRECTED_20260826.pdf
619,Food Maxx #460,10521387,August (not yet invoiced),Food_Maxx__460_10521387_20260821_photo_1_1787351909130.jpg|Food_Maxx__460_10521387_20260821_photo_2_1787351909130.jpg,Food_Maxx__460_10398057_20260821_photo_1_1787351692148.jpg|Food_Maxx__460_10521387_20260821_photo_2_1787351909130.jpg,True,True,Food_Maxx__460_10521387_20260821_1787351909130_CORRECTED_20260826.pdf
620,Safeway Northern California #1483,310795,August (not yet invoiced),Safeway_Northern_California__1_310795_20260821_photo_1_1787352715622.jpg|Safeway_Northern_California__1_310795_20260821_photo_2_1787352715622.jpg|Safeway_Northern_California__1_310795_20260821_photo_3_1787352715622.jpg|Safeway_Northern_California__1_310795_20260821_photo_4_1787352715622.jpg,Safeway_Northern_California__1_310795_20260821_photo_1_1787352715622.jpg|Safeway_Northern_California__1_310795_20260821_photo_2_1787352715622.jpg|Safeway_Northern_California__1_310795_20260821_photo_3_1787352715622.jpg|Safeway_Northern_California__1_310795_20260821_photo_4_1787352715622.jpg,False,False,
621,Safeway Northern California #1483,263126,August (not yet invoiced),Safeway_Northern_California__1_263126_20260821_photo_1_1787352750355.jpg|Safeway_Northern_California__1_263126_20260821_photo_2_1787352750355.jpg,Safeway_Northern_California__1_263126_20260821_photo_1_1787352750355.jpg|Safeway_Northern_California__1_263126_20260821_photo_2_1787352750355.jpg,False,False,
622,Safeway Northern California #1483,263125,August (not yet invoiced),Safeway_Northern_California__1_263125_20260821_photo_1_1787353155856.jpg|Safeway_Northern_California__1_263125_20260821_photo_2_1787353155856.jpg,Safeway_Northern_California__1_263125_20260821_photo_1_1787353155856.jpg|Safeway_Northern_California__1_263125_20260821_photo_2_1787353155856.jpg,False,False,
623,Safeway #2150,10646643,August (not yet invoiced),Safeway__2150_10646643_20260821_photo_1_1787354069106.jpg|Safeway__2150_10646643_20260821_photo_2_1787354069106.jpg,Safeway__2150_10646643_20260821_photo_1_1787354069106.jpg|Safeway__2150_10646643_20260821_photo_2_1787354069106.jpg,False,False,
624,Petsmart US #1695,207959,August (not yet invoiced),Petsmart_US__1695_207959_20260823_photo_1_1787524581425.jpg|Petsmart_US__1695_207959_20260823_photo_2_1787524581425.jpg,Petsmart_US__1695_207959_20260823_photo_1_1787524581425.jpg|Petsmart_US__1695_207959_20260823_photo_2_1787524581425.jpg,False,False,
625,Petsmart US #1695,269057,August (not yet invoiced),Petsmart_US__1695_269057_20260823_photo_1_1787524617501.jpg|Petsmart_US__1695_269057_20260823_photo_2_1787524617501.jpg,Petsmart_US__1695_269057_20260823_photo_1_1787524617501.jpg|Petsmart_US__1695_269057_20260823_photo_2_1787524617501.jpg,False,False,
626,Petsmart US #1695,278030,August (not yet invoiced),Petsmart_US__1695_278030_20260823_photo_1_1787524995183.jpg|Petsmart_US__1695_278030_20260823_photo_2_1787524995183.jpg|Petsmart_US__1695_278030_20260823_photo_3_1787524995183.jpg,Petsmart_US__1695_278030_20260823_photo_1_1787524995183.jpg|Petsmart_US__1695_278030_20260823_photo_2_1787524995183.jpg|Petsmart_US__1695_278030_20260823_photo_3_1787524995183.jpg,False,False,
627,PetSmart US #2242,M033615,August (not yet invoiced),PetSmart_US__2242_M033615_20260823_photo_1_1787526287809.jpg|PetSmart_US__2242_M033615_20260823_photo_2_1787526287809.jpg,PetSmart_US__2242_M033621_20260823_photo_1_1787526434604.jpg|PetSmart_US__2242_M033615_20260823_photo_2_1787526287809.jpg,True,True,PetSmart_US__2242_M033615_20260823_1787526287809_CORRECTED_20260826.pdf
628,PetSmart US #2242,M033621,August (not yet invoiced),PetSmart_US__2242_M033621_20260823_photo_1_1787526434604.jpg|PetSmart_US__2242_M033621_20260823_photo_2_1787526434604.jpg,PetSmart_US__2242_M033615_20260823_photo_1_1787526287809.jpg|PetSmart_US__2242_M033621_20260823_photo_2_1787526434604.jpg,True,True,PetSmart_US__2242_M033621_20260823_1787526434604_CORRECTED_20260826.pdf
629,Target #2281,9407822,August (not yet invoiced),Target__2281_9407822_20260823_photo_1_1787526595767.jpg|Target__2281_9407822_20260823_photo_2_1787526595767.jpg,Target__2281_9407822_20260823_photo_1_1787526595767.jpg|Target__2281_9407822_20260823_photo_2_1787526595767.jpg,False,True,
630,Safeway Northern California #997,263197,August (not yet invoiced),Safeway_Northern_California__9_263197_20260823_photo_1_1787527438493.jpg|Safeway_Northern_California__9_263197_20260823_photo_2_1787527438493.jpg,Safeway_Northern_California__9_263190_20260823_photo_1_1787527590032.jpg|Safeway_Northern_California__9_263197_20260823_photo_2_1787527438493.jpg,True,True,Safeway_Northern_California__9_263197_20260823_1787527438493_CORRECTED_20260826.pdf
631,Safeway Northern California #997,263190,August (not yet invoiced),Safeway_Northern_California__9_263190_20260823_photo_1_1787527590032.jpg|Safeway_Northern_California__9_263190_20260823_photo_2_1787527590032.jpg,Safeway_Northern_California__9_263197_20260823_photo_1_1787527438493.jpg|Safeway_Northern_California__9_263190_20260823_photo_2_1787527590032.jpg,True,True,Safeway_Northern_California__9_263190_20260823_1787527590032_CORRECTED_20260826.pdf
632,Safeway Northern California #1215,291681,August (not yet invoiced),Safeway_Northern_California__1_291681_20260823_photo_1_1787529614584.jpg|Safeway_Northern_California__1_291681_20260823_photo_2_1787529614584.jpg,Safeway_Northern_California__1_291681_20260823_photo_2_1787529614584.jpg,True,True,
633,Safeway Northern California #1215,308994,August (not yet invoiced),Safeway_Northern_California__1_308994_20260824_photo_1_1787530184366.jpg|Safeway_Northern_California__1_308994_20260824_photo_2_1787530184366.jpg,Safeway_Northern_California__1_308994_20260824_photo_2_1787530184366.jpg,True,True,
634,Safeway Northern California #1574,305009,August (not yet invoiced),Safeway_Northern_California__1_305009_20260824_photo_1_1787530368654.jpg|Safeway_Northern_California__1_305009_20260824_photo_2_1787530368654.jpg,Safeway_Northern_California__1_291681_20260823_photo_1_1787529614584.jpg|Safeway_Northern_California__1_305009_20260824_photo_1_1787530368654.jpg|Safeway_Northern_California__1_305009_20260824_photo_2_1787530368654.jpg,True,True,Safeway_Northern_California__1_305009_20260824_1787530368654_CORRECTED_20260826.pdf
635,Safeway Northern California #1574,305005,August (not yet invoiced),Safeway_Northern_California__1_305005_20260824_photo_1_1787530410352.jpg|Safeway_Northern_California__1_305005_20260824_photo_2_1787530410352.jpg,Safeway_Northern_California__1_308994_20260824_photo_1_1787530184366.jpg|Safeway_Northern_California__1_305005_20260824_photo_1_1787530410352.jpg|Safeway_Northern_California__1_305005_20260824_photo_2_1787530410352.jpg,True,True,Safeway_Northern_California__1_305005_20260824_1787530410352_CORRECTED_20260826.pdf
636,Costco #470,10693773,August (not yet invoiced),Costco__470_10693773_20260824_photo_1_1787531653368.jpg|Costco__470_10693773_20260824_photo_2_1787531653368.jpg,Costco__470_10693773_20260824_photo_1_1787531653368.jpg|Costco__470_10693773_20260824_photo_2_1787531653368.jpg,False,True,
637,Whole Foods Market #10320-BLL,10088073,August (not yet invoiced),Whole_Foods_Market__10320_BLL_10088073_20260824_photo_1_1787532486949.jpg|Whole_Foods_Market__10320_BLL_10088073_20260824_photo_2_1787532486949.jpg,Whole_Foods_Market__10320_BLL_10088073_20260824_photo_1_1787532486949.jpg|Whole_Foods_Market__10320_BLL_10088073_20260824_photo_2_1787532486949.jpg,False,False,
638,Quality Pet Spot #604808,9986242,August (not yet invoiced),Quality_Pet_Spot__604808_9986242_20260824_photo_1_1787533414604.jpg,Quality_Pet_Spot__604808_9986242_20260824_photo_1_1787533414604.jpg,False,True,
639,Lunardis Markets #1674,411412150860,August (not yet invoiced),Lunardis_Markets__1674_411412150860_20260824_photo_1_1787534344874.jpg|Lunardis_Markets__1674_411412150860_20260824_photo_2_1787534344874.jpg,Lunardis_Markets__1674_411412150860_20260824_photo_1_1787534344874.jpg|Lunardis_Markets__1674_411412150860_20260824_photo_2_1787534344874.jpg,False,True,
640,Lucky #757,11054257,August (not yet invoiced),Lucky__757_11054257_20260824_photo_1_1787535087099.jpg|Lucky__757_11054257_20260824_photo_2_1787535087099.jpg,Lucky__757_10878253_20260824_photo_1_1787535289276.jpg|Lucky__757_11054257_20260824_photo_2_1787535087099.jpg,True,True,Lucky__757_11054257_20260824_1787535087099_CORRECTED_20260826.pdf
641,Lucky #757,10878253,August (not yet invoiced),Lucky__757_10878253_20260824_photo_1_1787535289276.jpg|Lucky__757_10878253_20260824_photo_2_1787535289276.jpg,Lucky__757_11054257_20260824_photo_1_1787535087099.jpg|Lucky__757_10878253_20260824_photo_2_1787535289276.jpg,True,True,Lucky__757_10878253_20260824_1787535289276_CORRECTED_20260826.pdf
642,Target #324,10209489,August (not yet invoiced),Target__324_10209489_20260824_photo_1_1787535974849.jpg|Target__324_10209489_20260824_photo_2_1787535974849.jpg,Target__324_9873807_20260824_photo_1_1787536181829.jpg|Target__324_10209489_20260824_photo_2_1787535974849.jpg,True,True,Target__324_10209489_20260824_1787535974849_CORRECTED_20260826.pdf
643,Target #324,9873807,August (not yet invoiced),Target__324_9873807_20260824_photo_1_1787536181829.jpg|Target__324_9873807_20260824_photo_2_1787536181829.jpg,Target__324_10209489_20260824_photo_1_1787535974849.jpg|Target__324_9873807_20260824_photo_2_1787536181829.jpg,True,True,Target__324_9873807_20260824_1787536181829_CORRECTED_20260826.pdf
644,Petco #271,226519,August (not yet invoiced),Petco__271_226519_20260824_photo_1_1787537569581.jpg|Petco__271_226519_20260824_photo_2_1787537569581.jpg,Petco__271_226519_20260824_photo_2_1787537569581.jpg,True,True,
645,Petco #271,313074,August (not yet invoiced),Petco__271_313074_20260824_photo_1_1787537602765.jpg|Petco__271_313074_20260824_photo_2_1787537602765.jpg,Petco__271_383970515_20260824_photo_1_1787537951522.jpg|Petco__271_313074_20260824_photo_1_1787537602765.jpg|Petco__271_313074_20260824_photo_2_1787537602765.jpg,True,True,Petco__271_313074_20260824_1787537602765_CORRECTED_20260826.pdf
646,Petco #271,383970515,August (not yet invoiced),Petco__271_383970515_20260824_photo_1_1787537951522.jpg|Petco__271_383970515_20260824_photo_2_1787537951522.jpg,Petco__271_383970515_20260824_photo_2_1787537951522.jpg,True,True,
647,Petco #271,227280,August (not yet invoiced),Petco__271_227280_20260824_photo_1_1787538003273.jpg|Petco__271_227280_20260824_photo_2_1787538003273.jpg,Petco__271_226519_20260824_photo_1_1787537569581.jpg|Petco__271_227280_20260824_photo_1_1787538003273.jpg|Petco__271_227280_20260824_photo_2_1787538003273.jpg,True,True,Petco__271_227280_20260824_1787538003273_CORRECTED_20260826.pdf
648,Safeway #767,274237,August (not yet invoiced),Safeway__767_274237_20260824_photo_1_1787538816882.jpg|Safeway__767_274237_20260824_photo_2_1787538816882.jpg,Safeway__767_274237_20260824_photo_1_1787538816882.jpg|Safeway__767_274237_20260824_photo_2_1787538816882.jpg,False,False,
649,Safeway Northern California #1465,292115,August (not yet invoiced),Safeway_Northern_California__1_292115_20260824_photo_1_1787539627838.jpg|Safeway_Northern_California__1_292115_20260824_photo_2_1787539627838.jpg,Safeway_Northern_California__1_292115_20260824_photo_1_1787539627838.jpg|Safeway_Northern_California__1_292115_20260824_photo_2_1787539627838.jpg,False,False,
650,Safeway Northern California #1465,291715,August (not yet invoiced),Safeway_Northern_California__1_291715_20260824_photo_1_1787539767869.jpg|Safeway_Northern_California__1_291715_20260824_photo_2_1787539767869.jpg,Safeway_Northern_California__1_291715_20260824_photo_1_1787539767869.jpg|Safeway_Northern_California__1_291715_20260824_photo_2_1787539767869.jpg,False,False,
651,Target #1427,9595032,August (not yet invoiced),Target__1427_9595032_20260824_photo_1_1787539895286.jpg|Target__1427_9595032_20260824_photo_2_1787539895286.jpg,Target__1427_9595032_20260824_photo_1_1787539895286.jpg|Target__1427_9595032_20260824_photo_2_1787539895286.jpg,False,True,
652,Walmart US #2486,297896,August (not yet invoiced),Walmart_US__2486_297896_20260824_photo_1_1787539965335.jpg|Walmart_US__2486_297896_20260824_photo_2_1787539965335.jpg,Walmart_US__2486_297896_20260824_photo_1_1787539965335.jpg|Walmart_US__2486_297896_20260824_photo_2_1787539965335.jpg,False,True,
653,Safeway Northern California #695,311970,August (not yet invoiced),Safeway_Northern_California__6_311970_20260824_photo_1_1787541690216.jpg|Safeway_Northern_California__6_311970_20260824_photo_2_1787541690216.jpg,Safeway_Northern_California__6_311970_20260824_photo_2_1787541690216.jpg,True,True,
654,Safeway Northern California #695,310796,August (not yet invoiced),Safeway_Northern_California__6_310796_20260824_photo_1_1787541841543.jpg|Safeway_Northern_California__6_310796_20260824_photo_2_1787541841543.jpg,Safeway_Northern_California__6_311970_20260824_photo_1_1787541690216.jpg|Safeway_Northern_California__6_310796_20260824_photo_1_1787541841543.jpg|Safeway_Northern_California__6_310796_20260824_photo_2_1787541841543.jpg,True,True,Safeway_Northern_California__6_310796_20260824_1787541841543_CORRECTED_20260826.pdf
655,Lucky #762,10874853,August (not yet invoiced),Lucky__762_10874853_20260824_photo_1_1787542414166.jpg|Lucky__762_10874853_20260824_photo_2_1787542414166.jpg,Lucky__762_9429567_20260824_photo_1_1787542585594.jpg|Lucky__762_10874853_20260824_photo_2_1787542414166.jpg,True,True,Lucky__762_10874853_20260824_1787542414166_CORRECTED_20260826.pdf
656,Lucky #762,9429567,August (not yet invoiced),Lucky__762_9429567_20260824_photo_1_1787542585594.jpg|Lucky__762_9429567_20260824_photo_2_1787542585594.jpg|Lucky__762_9429567_20260824_photo_3_1787542585594.jpg,Lucky__762_10874853_20260824_photo_1_1787542414166.jpg|Lucky__762_9429567_20260824_photo_2_1787542585594.jpg|Lucky__762_9429567_20260824_photo_3_1787542585594.jpg,True,True,Lucky__762_9429567_20260824_1787542585594_CORRECTED_20260826.pdf
657,Draeger's Market #M1010,11024500,August (not yet invoiced),Draeger_s_Market__M1010_11024500_20260824_photo_1_1787602353753.jpg|Draeger_s_Market__M1010_11024500_20260824_photo_2_1787602353753.jpg,Draeger_s_Market__M1010_11024500_20260824_photo_1_1787602353753.jpg|Draeger_s_Market__M1010_11024500_20260824_photo_2_1787602353753.jpg,False,False,
658,Safeway #308,311469,August (not yet invoiced),Safeway__308_311469_20260824_photo_1_1787605649647.jpg|Safeway__308_311469_20260824_photo_2_1787605649647.jpg,Safeway__308_311469_20260824_photo_1_1787605649647.jpg|Safeway__308_311469_20260824_photo_2_1787605649647.jpg,False,False,
659,Safeway Northern California #304,10282420,August (not yet invoiced),Safeway_Northern_California__3_10282420_20260824_photo_1_1787608411867.jpg|Safeway_Northern_California__3_10282420_20260824_photo_2_1787608411867.jpg|Safeway_Northern_California__3_10282420_20260824_photo_3_1787608411867.jpg|Safeway_Northern_California__3_10282420_20260824_photo_4_1787608411867.jpg,Safeway_Northern_California__3_10282420_20260824_photo_1_1787608411867.jpg|Safeway_Northern_California__3_10282420_20260824_photo_2_1787608411867.jpg|Safeway_Northern_California__3_10282420_20260824_photo_3_1787608411867.jpg|Safeway_Northern_California__3_10282420_20260824_photo_4_1787608411867.jpg,False,False,
660,Safeway Northern California #304,10633781,August (not yet invoiced),Safeway_Northern_California__3_10633781_20260824_photo_1_1787609057260.jpg|Safeway_Northern_California__3_10633781_20260824_photo_2_1787609057260.jpg,Safeway_Northern_California__3_10633781_20260824_photo_1_1787609057260.jpg|Safeway_Northern_California__3_10633781_20260824_photo_2_1787609057260.jpg,False,False,
661,Safeway #3008,311952,August (not yet invoiced),Safeway__3008_311952_20260824_photo_1_1787610307494.jpg|Safeway__3008_311952_20260824_photo_2_1787610307494.jpg,Safeway__3008_311952_20260824_photo_1_1787610307494.jpg|Safeway__3008_311952_20260824_photo_2_1787610307494.jpg,False,False,
662,Oceana Market #604221,4900424,August (not yet invoiced),Oceana_Market__604221_4900424_20260824_photo_1_1787611346580.jpg,Oceana_Market__604221_4900424_20260824_photo_1_1787611346580.jpg,False,True,
663,Safeway #788,312231,August (not yet invoiced),Safeway__788_312231_20260824_photo_1_1787615469423.jpg|Safeway__788_312231_20260824_photo_2_1787615469423.jpg,Safeway__788_312231_20260824_photo_1_1787615469423.jpg|Safeway__788_312231_20260824_photo_2_1787615469423.jpg,False,False,
664,Whole Foods Market #10009-MLV,11054265,August (not yet invoiced),Whole_Foods_Market__10009_MLV_11054265_20260825_photo_1_1787616666700.jpg|Whole_Foods_Market__10009_MLV_11054265_20260825_photo_2_1787616666700.jpg,Whole_Foods_Market__10009_MLV_11054265_20260825_photo_1_1787616666700.jpg|Whole_Foods_Market__10009_MLV_11054265_20260825_photo_2_1787616666700.jpg,False,True,
665,Safeway Northern California #2718,304970,August (not yet invoiced),Safeway_Northern_California__2_304970_20260825_photo_1_1787617408706.jpg|Safeway_Northern_California__2_304970_20260825_photo_2_1787617408706.jpg,Safeway_Northern_California__2_304970_20260825_photo_1_1787617408706.jpg|Safeway_Northern_California__2_304970_20260825_photo_2_1787617408706.jpg,False,False,
666,Safeway Northern California #2718,304990,August (not yet invoiced),Safeway_Northern_California__2_304990_20260825_photo_1_1787617524300.jpg|Safeway_Northern_California__2_304990_20260825_photo_2_1787617524300.jpg,Safeway_Northern_California__2_304990_20260825_photo_1_1787617524300.jpg|Safeway_Northern_California__2_304990_20260825_photo_2_1787617524300.jpg,False,False,
667,Woodlands Pet Food & Treats,5081238,August (not yet invoiced),Woodlands_Pet_Food___Treats_5081238_20260825_photo_1_1787620291710.jpg|Woodlands_Pet_Food___Treats_5081238_20260825_photo_2_1787620291710.jpg,Woodlands_Pet_Food___Treats_5081238_20260825_photo_1_1787620291710.jpg|Woodlands_Pet_Food___Treats_5081238_20260825_photo_2_1787620291710.jpg,False,True,
668,Pet Club #M89,691104050344,August (not yet invoiced),Pet_Club__M89_691104050344_20260825_photo_1_1787622248664.jpg|Pet_Club__M89_691104050344_20260825_photo_2_1787622248664.jpg,Pet_Club__M89_691104050344_20260825_photo_1_1787622248664.jpg|Pet_Club__M89_691104050344_20260825_photo_2_1787622248664.jpg,False,True,
669,Safeway #2318,310789,August (not yet invoiced),Safeway__2318_310789_20260825_photo_1_1787622829516.jpg|Safeway__2318_310789_20260825_photo_2_1787622829516.jpg,Safeway__2318_310789_20260825_photo_1_1787622829516.jpg|Safeway__2318_310789_20260825_photo_2_1787622829516.jpg,False,False,
670,Nugget Market #15,11170588,August (not yet invoiced),Nugget_Market__15_11170588_20260825_photo_1_1787624566138.jpg|Nugget_Market__15_11170588_20260825_photo_2_1787624566138.jpg,Nugget_Market__15_11170588_20260825_photo_1_1787624566138.jpg|Nugget_Market__15_11170588_20260825_photo_2_1787624566138.jpg,False,False,
605,Safeway Northern California #1195,309097,July (invoice #172825) — donor,Safeway_Northern_California__1_309097_20260731_photo_1_1785458157526.jpg|Safeway_Northern_California__1_309097_20260731_photo_2_1785458157526.jpg,Safeway_Northern_California__1_309097_20260731_photo_2_1785458157526.jpg,True,True,
424,Food Maxx #453,11008872,July (invoice #172825) — donor,Walmart_US__3141_290980_20260721_photo_2_1784668589577.jpg|Food_Maxx__453_11008872_20260720_photo_1_1784579526863.jpg,Walmart_US__3141_290980_20260721_photo_2_1784668589577.jpg,True,True,Food_Maxx__453_11008872_20260720_1784579526863_CORRECTED_20260825.pdf
